id,bodyAttack,level,maxHP,maxMP,speed,PADamage,PDDamage,MADamage,MDDamage,acc,eva,exp,undead,pushed,fs,summonType,mobType,elemAttr,hpRecovery,mpRecovery,hpTagColor,hpTagBgcolor,boss,firstAttack,HPgaugeHide,rareItemDropLevel,flySpeed,link,removeAfter,noFlip,mbookID,chaseSpeed,noregen,publicReward,defaultHP,defaultMP,explosiveReward,buff,hideName,hideHP,invincible,notAttack,damagedByMob,dropItemPeriod,getCP,fixedDamage,onlyNormalAttack,ignoreFieldOut,bodyattack
',1,50,3200,100,-10,165,110,0,150,75,18,135,0,500,10,1,1,,,,,,,,,,,,,,,,,,,,,,,,,,,,,,,,
0100100,1,1,8,0,-65,12,0,0,0,20,0,3,0,1,10,1,0,,,,,,,,,,,,,,,,,,,,,,,,,,,,,,,,
0100101,1,2,15,15,-50,17,0,0,0,20,0,4,0,1,10,1,0,,,,,,,,,,,,,,,,,,,,,,,,,,,,,,,,
0120100,1,2,20,15,-30,17,0,0,0,30,0,5,0,1,10,1,4,,,,,,,,,,,,,,,,,,,,,,,,,,,,,,,,
0130100,1,4,40,30,-70,30,0,0,10,30,0,8,0,1,10,1,4,F3,,,,,,,,,,,,,,,,,,,,,,,,,,,,,,,
0130101,1,4,40,30,-50,27,3,0,10,35,0,8,0,1,10,1,0,,,,,,,,,,,,,,,,,,,,,,,,,,,,,,,,
0210100,1,6,50,35,-20,32,5,0,10,35,1,10,0,1,10,1,5,L3,,,,,,,,,,,,,,,,,,,,,,,,,,,,,,,
1110100,1,15,250,25,-20,82,12,0,40,45,5,26,0,1,10,1,4,S1,,,,,,,,,,,,,,,,,,,,,,,,,,,,,,,
1110101,1,10,250,10,-70,65,20,0,10,42,0,18,0,1,10,1,4,F3,,,,,,,,,,,,,,,,,,,,,,,,,,,,,,,
1120100,1,12,200,50,0,82,10,0,40,40,4,24,0,1,10,1,0,L3,,,,,,,,,,,,,,,,,,,,,,,,,,,,,,,
1130100,1,17,300,30,-50,85,30,0,10,50,5,30,0,1,10,1,4,,,,,,,,,,,,,,,,,,,,,,,,,,,,,,,,
1140100,1,19,330,35,-45,90,40,0,15,55,10,33,0,1,10,1,4,,,,,,,,,,,,,,,,,,,,,,,,,,,,,,,,
1210100,1,7,75,40,0,37,5,0,20,40,0,15,0,1,10,1,0,,,,,,,,,,,,,,,,,,,,,,,,,,,,,,,,
1210101,1,10,120,45,5,70,10,0,30,40,2,20,0,1,10,1,0,,,,,,,,,,,,,,,,,,,,,,,,,,,,,,,,
1210102,1,8,80,45,0,42,0,0,10,42,1,15,0,1,10,1,4,,,,,,,,,,,,,,,,,,,,,,,,,,,,,,,,
1210103,1,15,240,10,10,80,40,0,50,80,10,26,0,30,10,1,5,,,,,,,,,,,,,,,,,,,,,,,,,,,,,,,,
2100100,1,20,350,0,-40,85,20,0,20,55,8,32,0,1,10,1,0,,,,,,,,,,,,,,,,,,,,,,,,,,,,,,,,
2100101,1,21,400,0,-40,90,25,0,30,70,9,34,0,1,10,1,0,,,,,,,,,,,,,,,,,,,,,,,,,,,,,,,,
2100102,1,22,450,0,-40,90,30,0,30,55,8,37,0,1,10,1,4,F3,,,,,,,,,,,,,,,,,,,,,,,,,,,,,,,
2100103,1,25,550,0,-50,95,35,0,40,55,9,47,0,1,10,1,4,F3,,,,,,,,,,,,,,,,,,,,,,,,,,,,,,,
2100104,1,28,750,0,-50,105,40,0,40,60,10,55,0,1,10,1,4,F3,,,,,,,,,,,,,,,,,,,,,,,,,,,,,,,
2100105,1,23,500,0,-40,90,35,0,40,55,9,42,0,250,10,1,1,S2,,,,,,,,,,,,,,,,,,,,,,,,,,,,,,,
2100106,1,24,550,0,5,95,35,0,35,50,9,45,0,0,10,1,1,F2,,,,,,,,,,,,,,,,,,,,,,,,,,,,,,,
2100107,1,27,700,0,5,100,35,0,40,55,10,50,0,0,10,1,1,F2,,,,,,,,,,,,,,,,,,,,,,,,,,,,,,,
2100108,1,29,780,0,0,100,40,0,45,60,10,58,0,0,10,1,0,,,,,,,,,,,,,,,,,,,,,,,,,,,,,,,,
2110200,1,22,300,35,-20,90,30,0,0,55,7,35,0,1,10,1,4,,,,,,,,,,,,,,,,,,,,,,,,,,,,,,,,
2110300,1,24,600,0,-15,95,35,0,40,55,10,55,0,0,10,1,,,,,,,,,,,,,,,,,,,,,,,,,,,,,,,,,
2110301,1,29,780,0,-15,100,40,0,45,60,10,58,0,0,10,1,0,,,,,,,,,,,,,,,,,,,,,,,,,,,,,,,,
2130100,1,22,550,40,-50,85,50,0,20,45,7,38,0,1,10,1,4,F3,,,,,,,,,,,,,,,,,,,,,,,,,,,,,,,
2130103,1,21,285,20,10,100,30,0,30,120,25,38,0,50,10,1,1,,,,,,,,,,,,,,,,,,,,,,,,,,,,,,,,
2220000,1,20,2000,30,-40,90,20,0,30,60,8,120,0,1,10,1,0,,10,1,1,5,1,1,1,2,,,,,,,,,,,,,,,,,,,,,,,
2220100,1,20,350,30,5,90,10,0,60,55,7,32,0,1,10,1,4,,,,,,,,,,,,,,,,,,,,,,,,,,,,,,,,
2230100,1,27,720,40,-10,100,35,0,70,60,10,50,0,1,10,1,1,,,,,,,,,,,,,,,,,,,,,,,,,,,,,,,,
2230101,1,24,500,50,0,95,20,0,30,50,8,42,1,1,10,1,7,H3,,,,,,,,,,,,,,,,,,,,,,,,,,,,,,,
2230102,1,25,550,55,0,90,20,0,30,50,8,42,0,1,10,1,0,,,,,,,,,,,,,,,,,,,,,,,,,,,,,,,,
2230103,1,23,450,0,0,95,52,0,65,93,10,42,0,0,,1,8,H2F3,,,,,,,,,,,,,,,,,,,,,,,,,,,,,,,
2230104,1,28,780,0,0,105,75,0,75,115,12,55,0,0,,1,8,S1,,,,,,,,,,,,,,,,,,,,,,,,,,,,,,,
2230105,1,23,500,0,-30,85,35,0,45,55,9,42,0,1,10,1,3,S3F2,,,,,,,,,,,,,,,,,,,,,,,,,,,,,,,
2230106,1,25,550,0,-20,95,30,0,40,50,8,42,0,1,10,1,3,S3F2,,,,,,,,,,,,,,,,,,,,,,,,,,,,,,,
2230107,1,24,500,50,,95,20,0,30,50,8,45,0,0,10,1,,S3F2,,,,,,,,,-15,,,,,,,,,,,,,,,,,,,,,,
2230108,1,22,400,0,0,100,30,0,30,55,7,36,0,0,,1,,F2,,,,,,1,,,,,,,,,,,,,,,,,,,,,,,,,
2230109,1,28,740,40,,100,35,0,40,55,10,52,0,0,10,1,,L3S3F2,,,,,,,,,-30,,,,,,,,,,,,,,,,,,,,,,
2230110,1,23,500,0,-30,85,30,0,40,55,10,42,0,1,10,1,6,,,,,,,,,,,,,,,,,,,,,,,,,,,,,,,,
2230111,1,24,600,0,-30,95,35,0,40,55,10,45,0,1,10,1,6,,,,,,,,,,,,,,,,,,,,,,,,,,,,,,,,
2230200,1,29,790,0,-60,110,80,0,85,75,10,58,0,0,10,1,3,I3S2F2,,,,,,,,,,,,,,,,,,,,,,,,,,,,,,,
2300100,1,20,300,10,,85,20,0,20,80,10,33,0,30,10,1,,,,,,,,,,,5,,,,,,,,,,,,,,,,,,,,,,
3000000,1,30,900,50,-20,120,275,118,85,75,12,55,0,10,10,1,8,H2L2I3,,3,,,,,,,,,,,,,,,,,,,,,,,,,,,,,
3000001,1,30,800,175,10,80,85,0,105,145,25,120,0,300,10,1,5,,,,,,,,,,,,,,,,,,,,,,,,,,,,,,,,
3000002,1,30,800,175,10,80,85,0,105,145,25,120,0,300,10,1,5,,,,,,,,,,,3000001,,,,,,,,,,,,,,,,,,,,,
3000003,1,30,800,175,10,80,85,0,105,145,25,120,0,300,10,1,5,,,,,,,,,,,3000001,,,,,,,,,,,,,,,,,,,,,
3000004,1,30,800,175,10,80,85,0,105,145,25,120,0,300,10,1,5,,,,,,,,,,,3000001,,,,,,,,,,,,,,,,,,,,,
3000005,1,30,950,0,-15,100,38,0,40,65,12,60,0,0,10,1,8,,10,,,,,,,,,,,,,,,,,,,,,,,,,,,,,,
3000006,1,30,900,50,-20,100,40,0,40,65,12,55,0,1,10,1,3,S3F2,,,,,,,,,,,,,,,,,,,,,,,,,,,,,,,
3100101,1,32,1000,0,-40,110,45,0,40,60,12,60,0,1,10,1,5,F3I3,,,,,,,,,,,,,,,,,,,,,,,,,,,,,,,
3100102,1,30,870,50,-10,100,40,0,40,70,13,60,0,0,10,1,2,,,,,,,,,,,,,,,,,,,,,,,,,,,,,,,,
3110100,1,32,1200,40,-40,110,45,0,40,70,12,60,0,1,10,1,1,I2F3,,,,,,,,,,,,,,,,,,,,,,,,,,,,,,,
3110101,1,32,1050,0,-10,105,50,0,70,80,14,65,0,0,10,1,8,,10,,,,,,,,,,,,,,,,,,,,,,,,,,,,,,
3110102,1,32,1000,0,-5,102,65,0,75,90,13,65,0,0,10,1,8,,,,,,,,,,,,,,,,,,,,,,,,,,,,,,,,
3110300,1,32,1000,0,-20,90,40,0,40,70,12,62,0,0,10,1,8,,,,,,,,,,,,,,,,,,,,,,,,,,,,,,,,
3110301,1,32,1000,40,-30,90,40,0,40,70,12,62,0,0,10,1,5,F2I3,,,,,,,,,,,,,,,,,,,,,,,,,,,,,,,
3110302,1,35,1400,70,-10,130,110,0,100,105,18,75,0,0,10,1,8,,,,,,,,,,,,,,,,,,,,,,,,,,,,,,,,
3110303,1,38,1850,0,-30,125,105,0,125,130,18,85,0,0,10,1,8,,,,,,,,,,,,,,,,,,,,,,,,,,,,,,,,
3210100,1,32,1000,60,0,110,40,0,40,60,10,60,0,1,10,1,0,F2I3,,,,,,,,,,,,,,,,,,,,,,,,,,,,,,,
3210200,1,33,1100,70,0,105,60,0,80,95,15,65,0,1,10,1,0,F2I3,,,,,,,,,,,,,,,,,,,,,,,,,,,,,,,
3210201,1,33,1100,70,0,105,60,0,80,95,15,65,0,1,10,1,0,L2I3,,,,,,,,,,,,,,,,,,,,,,,,,,,,,,,
3210202,1,33,1100,70,0,105,60,0,80,95,15,65,0,1,10,1,0,I2F3,,,,,,,,,,,,,,,,,,,,,,,,,,,,,,,
3210203,1,36,1400,0,0,120,95,0,95,100,16,77,0,0,10,1,8,,10,,,,,,,,,,,,,,,,,,,,,,,,,,,,,,
3210204,1,34,1200,0,0,110,70,0,85,100,16,70,0,0,10,1,8,,10,,,,,,,,,,,,,,,,,,,,,,,,,,,,,,
3210205,1,34,1150,0,5,115,75,0,75,105,14,70,0,0,10,1,8,,,,,,,,,,,,,,,,,,,,,,,,,,,,,,,,
3210206,1,36,1350,0,,115,85,0,105,130,17,77,0,0,10,1,,,,,,,,,,,-35,,,,,,,,,,,,,,,,,,,,,,
3210207,1,34,1100,0,-70,115,95,0,90,90,14,70,0,0,10,1,5,,,,,,,,,,,,,,,,,,,,,,,,,,,,,,,,
3210208,1,36,1400,0,5,120,90,0,85,100,18,78,0,1,10,1,8,,,,,,,,,,,,,,,,,,,,,,,,,,,,,,,,
3210450,1,36,1430,0,25,120,90,0,155,100,18,80,0,0,10,1,0,I2F2,,,,,,,,,,,,,,,,,,,,,,,,,,,,,,,
3210800,1,37,1500,100,25,110,35,125,40,100,20,77,0,1,10,1,0,,,,,,,,,,,,,,,,,,,,,,,,,,,,,,,,
3220000,1,35,7000,120,-60,125,50,0,70,80,12,405,0,1,10,1,4,,35,1,1,5,1,1,1,2,,,,,,,,,,,,,,,,,,,,,,,
3220001,1,38,7700,200,-60,130,100,0,120,130,18,445,0,1,10,1,4,,50,20,1,5,1,1,1,2,,,,,,,,,,,,,,,,,,,,,,,
3230100,1,35,1250,65,-15,120,45,0,70,60,10,70,0,1,10,1,1,S2,,,,,,,,,,,,,,,,,,,,,,,,,,,,,,,
3230101,1,35,1200,80,0,110,90,0,90,100,17,70,1,50,10,1,7,H3F3,,,,,,,,,,,,,,,,,,,,,,,,,,,,,,,
3230102,1,37,1950,10,-10,125,100,0,200,85,18,80,0,1,10,1,3,L3,,,,,,,,,,,,,,,,,,,,,,,,,,,,,,,
3230103,1,38,1850,110,5,120,120,130,140,140,18,85,0,0,10,1,8,,10,5,,,,,,,,,,,,,,,,,,,,,,,,,,,,,
3230104,1,32,1000,0,,100,70,0,80,70,14,65,0,0,10,1,,F2,,,,,,,,,-50,,,,,,,,,,,,,,,,,,,,,,
3230200,1,35,1300,100,0,120,100,130,100,145,21,72,0,100,10,1,5,H2,,5,,,,,,,,,,,,,,,,,,,,,,,,,,,,,
3230300,1,35,1700,300,-15,90,120,0,155,150,27,150,0,500,10,1,5,,,,,,,,,,,,,,,,,,,,,,,,,,,,,,,,
3230301,1,35,1700,300,-15,90,120,0,155,150,27,150,0,500,10,1,5,,,,,,,,,,,3230300,,,,,,,,,,,,,,,,,,,,,
3230302,1,35,1300,0,0,105,100,115,130,125,15,72,0,0,10,1,8,,10,,,,,,,,,,,,,,,,,,,,,,,,,,,,,,
3230303,1,37,1700,0,,118,95,0,115,140,18,82,0,0,10,1,,,,,,,,,,,-25,,,,,,,,,,,,,,,,,,,,,,
3230304,1,38,1830,0,,122,105,0,125,150,19,85,0,0,10,1,,,,,,,,,,,-10,,,,,,,,,,,,,,,,,,,,,,
3230305,1,39,1920,0,20,124,110,0,130,135,18,92,0,1,10,1,8,,,,,,,,,,,,,,,,,,,,,,,,,,,,,,,,
3230306,1,37,1750,30,-20,117,90,0,120,135,20,82,1,0,10,1,5,,,,,,,,,,,,,,,,,,,,,,,,,,,,,,,,
3230307,1,31,800,0,,95,60,0,50,70,10,62,0,0,10,1,,,,,,,,,,,-10,,,,,,,,,,,,,,,,,,,,,,
3230308,1,39,1900,0,,130,120,0,130,135,17,85,0,0,10,1,,,,,,,,,,,-20,,,,,,,,,,,,,,,,,,,,,,
3230400,1,30,950,0,-45,100,38,0,40,65,12,60,0,0,10,1,8,,10,,,,,,,,,,,,,,,,,,,,,,,,,,,,,,
3230405,1,38,1850,0,0,125,90,0,125,130,18,85,0,1,10,1,0,F2,,,,,,,,,,,,,,,,,,,,,,,,,,,,,,,
4090000,1,42,2200,60,20,95,400,0,400,100,18,99,0,100,10,1,0,,,,,,,,,,,,360,,,,,,,,,,,,,,,,,,,,
4110300,1,42,2400,0,-20,135,110,0,90,95,12,102,0,100,10,1,8,,,,,,,,,,,,,,,,,,,,,,,,,,,,,,,,
4110301,1,45,2550,0,-20,135,150,0,160,200,20,110,0,250,10,1,8,,,,,,,,,,,,,,,,,,,,,,,,,,,,,,,,
4110302,1,47,2750,0,-10,140,155,0,160,130,18,117,0,250,10,1,8,,,,,,,,,,,,,,,,,,,,,,,,,,,,,,,,
4130100,1,45,2700,150,10,150,100,0,100,70,18,105,0,200,10,1,1,,,,,,,,,,,,,,,,,,,,,,,,,,,,,,,,
4130101,1,46,2550,100,-50,125,300,160,300,130,15,110,0,2000,10,1,1,,,,,,,,,,,,,,,,,,,,,,,,,,,,,,,,
4130102,1,47,2700,135,0,145,170,165,220,165,15,115,0,300,,1,4,H3,50,2,,,,1,,,,,,,,,,,,,,,,,,,,,,,,,
4130103,1,47,11000,220,-50,165,165,185,180,135,16,720,0,1000,10,1,8,,,,,,1,,,,,,,,,,,,,,,,,,,,,,,,,,
4130104,1,47,2700,135,0,145,170,165,220,165,15,115,0,300,,1,4,H3,50,2,,,,,,,,4130102,,,,,,,,,,,,,,,,,,,,,
4220000,1,45,7800,150,0,135,150,155,200,200,20,330,0,300,10,1,,,650,40,1,5,1,1,1,2,,,,,,,,,,,,,,,,,,,,,,,
4220001,1,45,2550,150,0,135,150,155,200,200,20,0,0,3000,10,1,3,,,,,,1,,,,,,,1,4220000,,,,,,,,,,,,,,,,,,
4230100,1,40,2000,50,5,130,80,0,80,65,15,85,0,1,10,1,1,I2F3,,,,,,,,,,,,,,,,,,,,,,,,,,,,,,,
4230101,1,40,1800,100,30,120,70,135,70,110,25,90,1,100,10,1,7,H3,,,,,,,,,,,,,,,,,,,,,,,,,,,,,,,
4230102,1,48,2800,80,15,155,180,0,180,130,20,120,1,300,10,1,7,H3,50,,,,,,,,,,,,,,,,,,,,,,,,,,,,,,
4230103,1,42,2200,60,20,95,400,0,400,100,18,99,0,100,10,1,0,,,,,,,,,,,,,,,,,,,,,,,,,,,,,,,,
4230104,1,48,3000,50,0,160,120,0,150,150,20,128,0,400,10,1,3,L3,,,,,,,,,,,,,,,,,,,,,,,,,,,,,,,
4230105,1,42,2100,120,0,135,120,145,120,150,10,99,0,100,,1,4,F3,30,2,,,,1,,,,,,,,,,,,,,,,,,,,,,,,,
4230106,1,45,2500,115,5,140,145,155,160,165,24,105,0,200,10,1,5,,,5,,,,,,,,,,,,,,,,,,,,,,,,,,,,,
4230107,1,41,1600,80,,130,90,0,110,160,28,95,0,500,10,1,,,,,,,,,,,0,,,,,,,,,,,,,,,,,,,,,,
4230108,1,43,2300,20,0,132,290,0,150,155,25,102,0,300,10,1,0,,,,,,,,,,,,,,,,,,,,,,,,,,,,,,,,
4230109,1,42,2400,0,-60,135,110,0,90,95,12,102,0,300,10,1,8,L2I2F3,,,,,,,,,,,,,,,,,,,,,,,,,,,,,,,
4230110,1,45,2600,0,-40,150,130,0,110,105,14,110,0,400,10,1,8,,,,,,,,,,,,,,,,,,,,,,,,,,,,,,,,
4230111,1,41,2000,0,-40,133,190,0,175,105,15,99,0,0,10,1,8,I2F2,,,,,,,,,,,,,,,,,,,,,,,,,,,,,,,
4230112,1,44,2450,0,-30,140,210,0,195,115,18,105,0,0,10,1,8,,,,,,,,,,,,,,,,,,,,,,,,,,,,,,,,
4230113,1,40,1900,50,-60,120,160,0,170,115,20,95,0,0,10,1,5,,,,,,,,,,,,,,,,,,,,,,,,,,,,,,,,
4230114,1,41,2050,50,-15,125,130,142,160,145,22,99,1,0,10,1,5,,,,,,,,,,,,,,,,,,,,,,,,,,,,,,,,
4230115,1,46,2600,70,-10,130,170,160,200,155,24,115,1,300,10,1,5,,,,,,,,,,,,,,,,,,,,,,,,,,,,,,,,
4230116,1,40,1930,130,-10,120,140,140,160,170,18,95,0,0,10,1,5,,,,,,,,,,,,,,,,,,,,,,,,,,,,,,,,
4230117,1,42,2300,55,,130,160,150,180,190,20,102,0,,10,0,,,,15,,,,,,,-20,,,,,,,,,,,,,,,,,,,,,,
4230118,1,45,2550,170,-5,140,180,155,200,210,21,110,0,0,10,1,5,L2,,,,,,,,,,,,,,,,,,,,,,,,,,,,,,,
4230119,1,41,2080,150,-40,130,120,135,120,160,16,99,0,0,10,1,5,,,,,,,,,,,,,,,,,,,,,,,,,,,,,,,,
4230120,1,44,2480,0,0,140,140,0,190,170,18,105,0,0,10,1,8,,,,,,,,,,,,,,,,,,,,,,,,,,,,,,,,
4230121,1,46,2600,170,-50,135,160,158,210,180,20,110,0,300,10,1,5,,,,,,,,,,,,,,,,,,,,,,,,,,,,,,,,
4230122,1,42,2100,120,0,135,120,145,120,150,10,99,0,100,,1,4,F3,30,2,,,,,,,,4230105,,,,,,,,,,,,,,,,,,,,,
4230123,1,43,2400,150,-20,130,140,155,172,160,15,103,0,100,10,1,0,L2F2,,,,,,,,,,,,,,,,,,,,,,,,,,,,,,,
4230124,1,42,2300,150,-20,130,120,150,160,170,20,102,0,100,10,1,0,I2F2,,,,,,,,,,,,,,,,,,,,,,,,,,,,,,,
4230125,1,44,2450,0,20,140,170,0,190,120,18,107,1,100,10,1,7,H3,,,,,,,,,,,,,,,,,,,,,,,,,,,,,,,
4230126,1,47,2750,0,20,145,175,0,195,130,18,117,1,100,10,1,7,H3,,,,,,,,,,,,,,,,,,,,,,,,,,,,,,,
4230200,1,40,1900,120,,100,130,135,160,150,18,95,0,0,10,1,,S3F2,,,,,,,,,-20,,,,,,,,,,,,,,,,,,,,,,
4230201,1,40,1910,130,,120,140,140,100,150,18,97,0,0,10,1,,S2F2,,,,,,,,,-20,,,,,,,,,,,,,,,,,,,,,,
4230300,1,45,2600,170,0,150,100,155,180,190,20,110,0,150,10,1,0,I2F3,,,,,,,,,,,,,,,,,,,,,,,,,,,,,,,
4230400,1,45,2650,0,20,150,350,0,350,195,20,115,0,1700,10,1,0,,,,,,,,,,,,,,,,,,,,,,,,,,,,,,,,
4230500,1,40,1900,125,-20,110,135,0,100,150,15,95,0,150,10,1,0,,,,,,,,,,,,,,,,,,,,,,,,,,,,,,,,
4230501,1,41,2000,150,-20,125,120,0,150,150,15,99,0,150,10,1,0,,,,,,,,,,,,,,,,,,,,,,,,,,,,,,,,
4230502,1,43,2400,150,-20,130,130,0,160,150,15,103,0,150,10,1,5,,,,,,,,,,,,,,,,,,,,,,,,,,,,,,,,
4230503,1,45,2550,0,-20,135,170,0,150,200,20,110,0,250,10,1,1,,,,,,,,,,,,,,,,,,,,,,,,,,,,,,,,
4230504,1,45,2550,0,-20,135,150,0,160,200,20,110,0,250,10,1,1,,,,,,,,,,,,,,,,,,,,,,,,,,,,,,,,
4230505,1,47,2700,100,-30,140,155,0,160,130,18,117,0,250,10,1,8,,,,,,,,,,,,,,,,,,,,,,,,,,,,,,,,
4230506,1,48,2800,100,-30,145,165,0,170,140,20,123,0,250,10,1,8,,,,,,,,,,,,,,,,,,,,,,,,,,,,,,,,
4230600,1,40,1800,100,-50,120,160,0,160,150,17,95,0,100,10,1,5,F3I3,,,,,,,,,,,,,,,,,,,,,,,,,,,,,,,
4240000,1,49,9000,220,-60,140,140,180,250,140,25,580,0,0,10,1,5,I2L2F2H2,,,,,,,,,,,,,,,,,,,,,,,,,,,,,,,
4250000,1,42,2400,100,-60,130,110,0,100,120,12,102,0,200,10,1,,,,,,,,,,,,,,,,,,,,,,,,,,,,,,,,,
4250001,1,46,2600,0,-50,130,300,0,300,130,15,112,0,500,10,1,,,,,,,,,,,,,,,,,,,,,,,,,,,,,,,,,
5090000,1,56,4800,200,0,165,150,180,180,130,999,180,1,400,10,0,,,,,,,1,,,,,,1800,,,,,,,,,,,,,,,,,,,,
5090001,1,59,5600,200,-50,170,180,190,210,100,999,220,0,600,10,0,,,,,,,1,,,,,,1800,,,,,,,,,,,,,,,,,,,,
5100000,1,50,3700,20,-20,150,170,0,180,120,25,135,0,1,10,1,0,I2F3,,,,,,,,,,,,,,,,,,,,,,,,,,,,,,,
5100001,1,50,3700,20,-20,150,170,0,180,120,25,0,0,1,10,1,0,I2F3,,,,,,,,,,,,,5100000,,,,,,,,,,,,,,,,,,
5100002,1,51,3600,42,-10,145,255,0,205,155,28,142,0,500,10,1,5,F2I3,,,,,,,,,,,,,,,,,,,,,,,,,,,,,,,
5100003,1,50,3800,40,0,170,150,0,180,100,28,140,0,650,10,1,0,,,,,,,,,,,,,,,,,,,,,,,,,,,,,,,,
5100004,1,56,4500,120,-20,165,150,180,190,135,28,185,0,500,10,1,0,F3H3,,,,,,,,,,,,,,,,,,,,,,,,,,,,,,,
5100005,1,53,4500,160,-70,185,185,0,215,140,25,165,0,450,10,1,0,F2I3,,,,,,,,,,,,,,,,,,,,,,,,,,,,,,,
5110300,1,50,3000,40,-20,140,170,0,200,80,15,135,0,300,10,1,8,,,,,,,,,,,,,,,,,,,,,,,,,,,,,,,,
5110301,1,54,4400,160,-40,155,180,0,215,150,18,168,0,400,10,1,8,,,,,,,,,,,,,,,,,,,,,,,,,,,,,,,,
5110302,1,58,5600,200,-30,170,180,205,210,155,20,205,0,600,10,1,8,,,,,,,,,,,,,,,,,,,,,,,,,,,,,,,,
5120000,1,52,4000,200,-15,160,125,170,265,130,22,155,0,500,10,1,5,I2F2L2H2,,5,,,,,,,,,,,,,,,,,,,,,,,,,,,,,
5120001,1,53,4200,160,5,150,170,175,210,150,25,160,0,500,10,1,0,F2I3,,,,,,,,,,,,,,,,,,,,,,,,,,,,,,,
5120002,1,53,4200,160,5,150,170,175,210,150,25,160,0,500,10,1,0,L2I3,,,,,,,,,,,,,,,,,,,,,,,,,,,,,,,
5120003,1,53,4200,160,5,150,170,175,210,150,25,160,0,500,10,1,0,I2F3,,,,,,,,,,,,,,,,,,,,,,,,,,,,,,,
5120100,1,54,13500,170,-50,170,280,180,280,140,20,980,0,300,10,1,8,,,,,,1,,,,,,,,,,,,,,,,,,,,,,,,,,
5120500,1,56,4800,150,-30,165,180,0,200,135,18,185,0,400,10,1,0,,,,,,,,,,,,,,,10,,,,,,,,,,,,,,,,,
5120501,1,53,4200,160,-20,150,170,0,210,150,16,160,0,400,10,1,4,,,,,,,,,,,,,,,,,,,,,,,,,,,,,,,,
5120502,1,54,4400,160,-40,155,180,0,215,150,18,168,0,400,10,1,4,,,,,,,,,,,,,,,,,,,,,,,,,,,,,,,,
5120503,1,50,3000,40,-50,140,170,0,200,80,15,135,0,300,10,1,8,,,,,,,,,,,,,,,,,,,,,,,,,,,,,,,,
5120504,1,51,3200,40,-50,170,200,0,160,85,18,142,0,300,10,1,8,,,,,,,,,,,,,,,,,,,,,,,,,,,,,,,,
5120505,1,58,5600,200,-30,170,180,205,210,155,20,205,0,600,10,1,0,S3,,,,,,,,,,,,,,,,,,,,,,,,,,,,,,,
5120506,1,55,4500,150,-40,155,150,0,220,150,20,175,0,400,10,1,5,,,,,,,,,,,,,,,,,,,,,,,,,,,,,,,,
5130101,1,55,4000,120,-70,180,130,0,100,80,15,170,0,1000,10,1,8,,,,,,,,,,,,,,,,,,,,,,,,,,,,,,,,
5130102,1,58,4800,150,-50,195,150,0,200,70,18,200,0,1500,10,1,8,H3,,,,,,,,,,,,,,,,,,,,,,,,,,,,,,,
5130103,1,52,3800,75,-30,172,120,0,80,80,20,170,0,500,10,1,1,,,,,,,,,,,,,,,,,,,,,,,,,,,,,,,,
5130104,1,55,4600,50,-10,165,120,175,120,100,20,170,0,800,10,1,0,,,20,,,,,,,,,,,,,,,,,,,,,,,,,,,,,
5130105,1,56,4400,40,-10,155,180,0,190,130,27,180,0,500,10,1,0,H3,,,,,,,,,,,,,,,,,,,,,,,,,,,,,,,
5130106,1,56,4400,40,-10,155,180,0,190,130,27,0,0,500,10,1,0,H3,,,,,,,,,,,,,5130105,,,,,,,,,,,,,,,,,,
5130107,1,57,4500,110,-50,165,165,185,180,135,25,190,1,800,10,1,7,S1H3,,,,,,,,,,,,,,,,,,,,,,,,,,,,,,,
5130108,1,57,4500,110,-30,155,165,185,180,135,25,190,1,600,10,1,7,S1H3,,,,,,,,,,,,,,,,,,,,,,,,,,,,,,,
5140000,1,58,5800,100,0,170,200,205,220,150,25,220,0,1000,10,1,0,I2F3,50,2,,,,,,,,,,,,,,,,,,,,,,,,,,,,,
5150000,1,59,6000,150,-70,200,160,190,220,100,20,210,0,1100,10,1,8,,,,,,,,,,,,,,,,,,,,,,,,,,,,,,,,
5150001,1,57,4600,100,-45,165,160,165,160,135,25,190,1,500,10,1,7,H3,,,,,,,,,,,,,,,,,,,,,,,,,,,,,,,
5200000,1,23,600,10,-10,70,30,0,40,55,8,40,0,0,10,1,8,,,,,,,,,,,,,,,,,,,,,,,,,,,,,,,,
5200001,1,30,900,50,-20,105,275,118,85,75,12,55,0,0,10,1,8,I2F3,,,,,,,,,,,,,,,,,,,,,,,,,,,,,,,
5200002,1,30,900,50,-20,105,275,118,85,75,12,55,0,0,10,1,8,F2I3,,,,,,,,,,,,,,,,,,,,,,,,,,,,,,,
5220000,1,55,25000,200,-20,165,120,175,120,100,20,1210,0,1000,10,1,,,1250,10,1,5,1,1,1,2,,,,,,,,,,,,,,,,,,,,,,,
5220001,1,55,4000,100,0,165,120,175,120,100,20,0,0,1000,10,1,3,,,,,,1,,,,,,,1,5220000,,,,,,,,,,,,,,,,,,
5220002,1,50,9800,100,-30,165,110,0,150,100,20,410,0,600,10,1,,,800,50,1,5,1,1,1,2,,,,,,,,,,,,,,,,,,,,,,,
5250000,1,55,4400,110,-40,160,100,0,120,120,20,175,0,400,10,1,,,,,,,,,,,,,,,,,,,,,,,,,,,,,,,,,
5250001,1,51,3600,40,-80,170,255,0,200,80,15,142,0,500,10,1,,,,,,,,,,,,,,,,,,,,,,,,,,,,,,,,,
5250002,1,57,4500,100,-20,155,170,0,160,130,20,200,0,500,10,1,,,,,,,,,,,,,,,,,,,,,,,,,,,,,,,,,
5300000,1,32,1000,40,-40,110,45,0,70,65,13,60,0,1,10,1,5,I2F3,,,,,,,,,,,,,,,,,,,,,,,,,,,,,,,
5300001,1,33,1100,60,-40,120,60,0,80,65,15,65,0,1,10,1,5,H3,,,,,,,,,,,,,,,,,,,,,,,,,,,,,,,
5300100,1,55,4000,90,,170,100,0,200,150,20,175,0,500,10,1,,H3,,,,,,,,,10,,,,,,,,,,,,,,,,,,,,,,
5400000,1,35,1400,70,10,130,110,0,100,105,18,75,0,1000,10,1,0,I2F3,,,,,,,,,,,,,,,,,,,,,,,,,,,,,,,
6090000,1,65,11000,500,-30,180,200,270,400,150,999,255,1,1000,10,0,7,,,,,,1,,,,,,1800,,,,,,,,,,,,,,,,,,,,
6090001,1,64,7700,200,-50,177,190,230,230,140,999,250,0,800,10,0,,,,,,,1,,,,,,1800,,,,,,,,,,,,,,,,,,,,
6090002,1,68,12500,300,-20,200,190,290,270,130,999,265,1,1300,10,0,,,,,,,1,,,,,,1800,,,,,,,,,,,,,,,,,,,,
6090003,1,62,6000,100,-30,185,170,200,130,80,999,240,1,700,10,0,7,,,,,,1,,,,,,1800,,,,,,,,,,,,,,,,,,,,
6090004,1,63,7600,100,-30,190,190,220,220,150,999,245,0,1000,10,0,7,,,,,,1,,,,,,1800,,,,,,,,,,,,,,,,,,,,
6110300,1,65,11000,80,-20,182,170,270,245,110,24,255,0,0,10,1,,,,,,,,,,,,,,,,,,,,,,,,,,,,,,,,,
6110301,1,68,13000,100,-20,210,190,290,270,130,26,265,1,0,10,1,7,,,,,,,,,,,,,,,,,,,,,,,,,,,,,,,,
6130100,1,60,6000,120,0,200,190,220,220,150,22,220,0,1000,10,1,1,F2I3,,,,,,,,,,,,,,,,,,,,,,,,,,,,,,,
6130101,1,60,20000,200,5,200,320,300,320,150,27,1200,0,1000,10,0,4,,100,5,1,5,1,,1,2,,,,,,,,,,,,,,,,,,,,,,,
6130102,1,60,7200,100,60,167,210,0,225,200,30,420,0,1000,10,1,0,I2F3,,,,,,,,,,,,,,,1,,,,,,,,,,,,,,,,
6130103,1,60,7200,100,60,167,210,0,225,200,30,220,0,1000,10,1,,I2F3,,,,,,,,,,6130102,,,,,,,,,,,,,,,,,,,,,
6130104,1,35,14800,500,0,180,250,300,300,250,35,400,0,100,10,1,5,H2,,5,,,,,,,,,,,,,,,,,,,,,,,,,,,,,
6130200,1,61,7400,80,-30,170,213,210,229,130,23,230,0,1300,10,1,6,,,,,,,,,,,,,,,,,,,,,,,,,,,,,,,,
6130201,1,60,3500,100,-20,165,170,0,180,150,38,0,0,400,10,1,6,H3I3,,,,,,,,,,,,,6130202,,,,,,,,,,,,,,,,,,
6130202,1,60,7000,170,-40,195,220,200,230,200,25,330,0,900,10,1,6,F2I2H3,,,,,,,,,,,,,,,1,,,,,,,,,,,,,,,,
6130203,1,60,6500,100,-30,180,200,0,230,150,22,225,0,700,10,1,0,,,,,,,,,,,,,,,10,,,,,,,,,,,,,,,,,
6130204,1,64,7800,100,-30,180,190,230,230,140,25,250,0,800,10,1,1,,,,,,,,,,,,,,,,,,,,,,,,,,,,,,,,
6130207,1,62,7500,100,20,185,170,200,200,200,25,240,0,700,10,1,0,,,,,,,,,,,,,,,,,,,,,,,,,,,,,,,,
6130208,1,68,12500,100,0,200,190,290,250,130,26,265,0,1300,10,1,6,,,,,,,,,,,,,,,,,,,,,,,,,,,,,,,,
6130209,1,66,9000,200,-30,220,160,270,200,120,24,255,0,1000,10,1,0,,,,,,,,,,,,,,,,,,,,,,,,,,,,,,,,
6220000,1,65,31000,200,-30,190,190,200,220,150,30,810,0,1500,10,1,1,,1400,50,1,5,1,1,1,2,,,,,,,,,,,,,,,,,,,,,,,
6220001,1,65,36000,300,-40,205,210,0,200,150,29,940,0,5400,10,1,1,,1500,50,1,5,1,1,1,2,,,,,,,,,,,,,,,,,,,,,,,
6230100,1,62,5500,100,30,210,180,0,130,100,20,240,0,1500,10,1,1,,,,,,,,,,,,,,,,,,,,,,,,,,,,,,,,
6230101,1,63,20000,100,,257,200,0,220,145,36,190,0,100,10,1,6,,,5,,,,,,,-5,,,,,,,,,,,,,,,,,,,,,,
6230200,1,64,7800,80,60,177,220,0,240,210,31,250,0,1500,10,1,0,H3,,,,,,,,,,,,,,,,,,,,,,,,,,,,,,,
6230201,1,64,7800,80,60,177,220,0,240,210,31,700,0,1500,10,1,0,H3,,,,,,,,,,6230200,,,,,1,,,,,,,,,,,,,,,,
6230300,1,66,9400,80,-30,190,180,210,254,140,26,260,0,1500,10,1,6,,,,,,,,,,,,,,,,,,,,,,,,,,,,,,,,
6230400,1,63,7600,100,-40,190,190,220,215,140,25,245,1,1500,10,1,6,L2I2H3,,2,,,,,,,,,,,,,,,,,,,,,,,,,,,,,
6230401,1,63,7600,100,0,190,190,200,220,170,25,245,0,1200,10,1,0,S1H3,,,,,,,,,,,,,,,,,,,,,,,,,,,,,,,
6230500,1,67,11000,100,-40,210,210,220,250,140,27,265,1,1500,10,1,6,L2I1H3,,2,,,,,,,,,,,,,,,,,,,,,,,,,,,,,
6230600,1,64,7700,130,0,210,200,230,230,150,25,250,0,1500,10,1,1,I2F3,,,,,,,,,,,,,,,,,,,,,,,,,,,,,,,
6230601,1,68,13000,140,0,220,205,250,250,170,27,265,0,2000,10,1,1,,,,,,,,,,,,,,,,,,,,,,,,,,,,,,,,
6230602,1,63,7500,100,-45,170,190,200,230,150,25,240,1,800,10,1,7,H3,,,,,,,,,,,,,,,,,,,,,,,,,,,,,,,
6300000,1,65,11000,80,-50,182,170,270,245,110,24,255,0,2000,10,1,0,I2F3,50,2,,,,,,,,,,,,,,,,,,,,,,,,,,,,,
6300001,1,65,11000,80,-50,182,170,270,245,110,24,390,0,2000,10,1,0,I2F3,50,2,,,,,,,,6300000,,,,,1,,,,,,,,,,,,,,,,
6300002,1,65,11000,80,-50,182,170,270,245,110,24,455,0,2000,10,1,0,I2F3,50,2,,,,,,,,6300000,,,,,1,,,,,,,,,,,,,,,,
6300003,1,67,40000,700,,310,270,435,410,165,37,210,0,100,10,1,6,H2,,5,,,,,,,20,,,,,,,,,,,,,,,,,,,,,,
6300004,1,66,38000,600,,300,250,420,400,150,35,200,0,500,10,1,6,F1H2L2S2I1,,5,,,1,,,,0,,,,,,,,,,,,,,,,,,,,,,
6300005,1,65,35000,220,5,250,350,380,400,155,30,1500,1,1500,10,0,7,,100,5,1,5,1,,1,2,,,,,,,,,,,,,,,,,,,,,,,
6300100,1,74,16000,120,-40,290,340,320,330,165,27,340,0,1500,10,1,6,I3F2,,,,,,,,,,,,,,,,,,,,,,,,,,,,,,,
6400000,1,68,13000,100,-30,210,190,290,270,130,26,265,0,2000,10,1,0,H3,80,2,,,,,,,,,,,,,,,,,,,,,,,,,,,,,
6400001,1,68,13000,100,-30,210,190,290,270,130,26,445,0,2000,10,1,0,H3,80,2,,,,,,,,6400000,,,,,1,,,,,,,,,,,,,,,,
6400002,1,68,13000,100,-30,210,190,290,270,130,26,715,0,2000,10,1,0,H3,80,2,,,,,,,,6400000,,,,,1,,,,,,,,,,,,,,,,
6400003,1,69,60000,1000,,372,320,565,530,170,40,240,0,100,10,1,6,H2,,5,,,,,,,20,,,,,,,,,,,,,,,,,,,,,,
6400004,1,70,80000,1000,,400,350,600,550,180,50,250,0,100,10,1,6,L2H2S2I1F3,,5,,,1,,,,20,,,,,,,,,,,,,,,,,,,,,,
6400100,1,77,19000,140,-40,310,400,340,410,170,28,385,0,2000,10,1,6,I3F2,,,,,,,,,,,,,,,,,,,,,,,,,,,,,,,
7090000,1,75,16000,500,-30,300,550,380,290,130,999,350,1,1500,10,0,,,,,,,1,,,,,,1800,,,,,,,,,,,,,,,,,,,,
7110300,1,75,16000,150,-30,330,800,380,290,160,25,350,1,1500,10,1,8,,,,,,,,,,,,,,,,,,,,,,,,,,,,,,,,
7110301,1,73,15500,240,-35,280,300,315,320,160,28,320,0,1200,10,1,8,,,,,,,,,,,,,,,,,,,,,,,,,,,,,,,,
7130000,1,73,15500,240,5,280,300,315,320,160,28,320,0,1200,10,1,0,S1H3,,,,,,,,,,,,,,,,,,,,,,,,,,,,,,,
7130001,1,72,15200,120,-20,272,320,315,265,175,30,295,0,1500,10,1,0,,,,,,,,,,,,,,,,,,,,,,,,,,,,,,,,
7130002,1,72,15200,120,-20,272,335,310,265,175,30,295,0,2000,10,1,0,L2,,,,,,,,,,,,,,,,,,,,,,,,,,,,,,,
7130003,1,76,18000,200,-20,300,400,350,400,140,27,370,0,2000,10,1,0,L2,,,,,,,,,,,,,,,,,,,,,,,,,,,,,,,
7130004,1,78,20000,100,-10,330,600,365,450,145,30,400,0,2000,10,1,5,F3S3,,,,,,,,,,,,,,10,,,,,,,,,,,,,,,,,
7130010,1,85,32000,180,-30,375,700,430,465,160,27,1300,1,3500,10,1,6,H3F3,,,,,,,,,,,,,,,,,,,,,,,,,,,,,,,
7130020,1,85,17000,150,,370,645,0,430,160,29,1400,0,500,10,1,,F2,,,,,,1,,,0,,,,,,,,,,,,,,,,,,,,,,
7130100,1,70,15000,200,30,270,250,320,250,120,15,270,0,1000,10,1,0,S1,30,5,,,,,,,,,,,,,,,,,,,,,,,,,,,,,
7130101,1,75,18000,220,35,300,550,390,400,130,30,350,0,1500,10,1,0,S1F2L2,50,5,,,,,,,,,,,,,,,,,,,,,,,,,,,,,
7130102,1,78,20000,100,-20,330,600,365,450,145,30,0,0,2500,10,1,0,I2F3,30,2,,,,,,,,,,,,,,,,,,,,,,,,,,,,,
7130103,1,73,15300,200,-20,275,330,300,300,190,32,315,1,1500,10,1,7,H3I2S1,,,,,,,,,,,,,,,,,,,,,,,,,,,,,,,
7130104,1,70,15000,100,0,210,250,320,260,165,26,282,0,1500,10,1,6,,,,,,,,,,,,,,,,,,,,,,,,,,,,,,,,
7130200,1,75,16000,150,-10,330,800,380,290,160,25,350,0,1500,10,2,0,,100,3,,,,,,,,,,,,,,,,,,,,,,,,,,,,,
7130300,1,89,40000,190,-30,400,750,450,480,180,28,1720,1,4000,10,1,6,H3I2L2,,,,,,,,,,,,,,,,,,,,,,,,,,,,,,,
7130400,1,70,25000,200,-25,285,280,335,280,120,15,400,0,1000,10,1,6,F2I3,30,2,,,1,1,,,,,,,,,,,,,,,,,,,,,,,,,
7130401,1,70,25000,200,-25,285,280,335,280,120,15,400,0,1000,10,1,6,F3I2,30,2,,,1,1,,,,,,,,,,,,,,,,,,,,,,,,,
7130402,1,70,25000,200,-25,285,280,335,280,120,15,400,0,1000,10,1,6,S1,30,2,,,1,1,,,,,,,,,,,,,,,,,,,,,,,,,
7130500,1,70,14500,150,-20,245,235,0,245,130,25,270,0,1450,10,1,5,S3,50,10,,,,,,,,,,,,,,,,,,,,,,,,,,,,,
7130501,1,74,15500,150,-20,295,285,0,295,160,27,340,0,1550,10,1,5,S2,50,20,,,,,,,,,,,,,,,,,,,,,,,,,,,,,
7130600,1,72,15000,150,-30,270,330,310,260,160,25,295,0,2000,10,1,5,S3,,,,,,,,,,,,,,,,,,,,,,,,,,,,,,,
7130601,1,76,18000,200,-30,300,400,350,350,170,28,370,0,2000,10,1,5,S2,,,,,,,,,,,,,,,,,,,,,,,,,,,,,,,
7130602,1,76,8000,0,0,500,400,0,350,220,20,0,0,10000,10,1,4,S2F3,,,,,1,,,,,,20,1,,,,,,,,,,,,,,,,,,,
7140000,1,83,30000,160,-30,365,710,400,460,150,27,1100,0,3200,10,1,6,I2F3,,,,,,,,,,,,,,,,,,,,,,,,,,,,,,,
7160000,1,87,35000,200,-30,385,775,425,470,160,28,1500,0,3700,10,1,6,I2F3,,,,,,,,,,,,,,,,,,,,,,,,,,,,,,,
7220000,1,71,93000,200,-30,285,335,310,265,175,30,1580,0,1500,10,1,0,,2200,10,1,5,1,1,1,2,,,,,,,,,,,,,,,,,,,,,,,
7220001,1,70,89000,200,-40,260,280,310,265,130,25,1300,0,1500,10,1,0,,1900,10,1,5,1,1,1,2,,,,,,,,,,,,,,,,,,,,,,,
7220002,1,77,108000,520,-30,320,520,350,410,160,27,2280,0,2500,10,1,,,2700,10,1,5,1,1,1,2,,,,,,,,,,,,,,,,,,,,,,,
8090000,1,80,27000,300,-50,350,650,410,450,140,999,850,0,2800,10,0,8,,,,,,1,,,,,,1800,,,,,,,,,,,,,,,,,,,,
8110300,1,80,27000,300,-10,350,650,410,450,140,28,850,0,2800,10,1,8,,,,,,,,,,,,,,,,,,,,,,,,,,,,,,,,
8130100,1,80,50000,500,-20,450,420,605,450,150,30,2000,0,3000,,0,6,S1H3,100,5,1,5,1,,1,2,,,,,,,,,,,,,,,,,,,,,,,
8140000,1,80,27000,300,-30,350,650,410,520,140,28,850,0,5000,10,1,0,I2F3,150,5,,,,,,,,,,,,,,,,,,,,,,,,,,,,,
8140001,1,80,27000,300,-10,350,650,410,450,140,28,850,0,2800,10,1,2,S3,,,,,,,,,,,,,,,,,,,,,,,,,,,,,,,
8140002,1,83,30000,160,-10,365,700,400,465,150,27,1100,0,3000,10,1,2,F2I3,,,,,,,,,,,,,,,,,,,,,,,,,,,,,,,
8140100,1,82,29000,150,-15,360,700,390,500,160,30,0,0,3000,10,1,0,H3,80,2,,,,,,,,,,,,,,,,,,,,,,,,,,,,,
8140101,1,88,37000,200,-20,390,800,430,495,170,28,1600,1,3000,10,1,5,H3,,,,,,,,,,,,,,10,,,,,,,,,,,,,,,,,
8140102,1,88,37000,200,0,390,800,430,495,170,28,1600,0,3000,10,1,5,F2I3,,,,,,,,,,,,,,10,,,,,,,,,,,,,,,,,
8140103,1,88,37000,200,0,390,800,430,495,170,28,1600,0,3000,10,1,5,I2F3,,,,,,,,,,,,,,10,,,,,,,,,,,,,,,,,
8140110,1,85,32000,150,-30,380,760,0,465,160,27,1420,0,3200,10,1,0,H2I3,150,30,,,,,,,,,,,,10,,,,,,,,,,,,,,,,,
8140111,1,88,37000,200,-30,395,850,0,480,170,28,1620,0,3700,10,1,0,H2S2,200,10,,,,,,,,,,,,10,,,,,,,,,,,,,,,,,
8140200,1,70,15000,180,-40,250,250,320,250,130,26,270,1,1000,10,1,6,H3F3,,2,,,,,,,,,,,,,,,,,,,,,,,,,,,,,
8140300,1,76,18000,200,-40,300,380,350,400,140,27,370,1,1500,10,1,6,H3,,2,,,,,,,,,,,,,,,,,,,,,,,,,,,,,
8140500,1,90,45000,190,-20,425,835,465,505,195,38,1800,0,5000,10,1,0,F2I3,,,,,,,,,,,,,,,,,,,,,,,,,,,,,,,
8140555,1,90,40500,190,0,410,840,450,530,196,35,0,0,4000,10,1,3,F2I2L2S2,,,,,,,,,,,,1,7130020,,,,,,,,,,,,,,,,,,
8140600,1,92,42500,190,-30,420,840,460,540,197,38,2000,1,4200,10,1,7,F2H3,,,,,,,,,,,,,,,,,,,,,,,,,,,,,,,
8140700,1,90,40000,150,-40,410,820,0,480,195,37,1780,0,5000,10,1,1,F3I2,,,,,,,,,,,,,,,,,,,,,,,,,,,,,,,
8140701,1,93,49000,160,-40,420,830,0,500,200,37,2100,0,5000,10,1,1,F2I3,,,,,,,,,,,,,,,,,,,,,,,,,,,,,,,
8140702,1,95,50000,200,-50,460,840,510,550,200,37,2280,0,5000,10,1,1,L3S3,,,,,,,,,,,,,,,,,,,,,,,,,,,,,,,
8140703,1,97,55000,200,-50,470,850,520,570,200,37,2500,0,5000,10,1,1,F2I3,,,,,,,,,,,,,,,,,,,,,,,,,,,,,,,
8141000,1,93,50000,190,-40,430,830,480,530,200,37,2100,0,5000,10,1,6,F2L3,,,,,,,,,,,,,,,,,,,,,,,,,,,,,,,
8141100,1,98,58000,220,-50,460,845,520,580,205,38,2600,0,5300,10,1,6,F2L3,,,,,,,,,,,,,,,,,,,,,,,,,,,,,,,
8141300,1,94,46000,190,-70,430,830,485,525,200,37,2200,0,4200,10,1,3,S2F2,,,,,,,,,,,,,,,,,,,,,,,,,,,,,,,
8142000,1,95,53000,200,-30,450,835,500,530,200,37,2300,1,5000,10,1,6,H3I2F3,,,,,,,,,,,,,,,,,,,,,,,,,,,,,,,
8142100,1,97,49000,210,-70,445,830,500,550,203,37,2500,0,4300,10,1,3,F2L2,,,,,,,,,,,,,,,,,,,,,,,,,,,,,,,
8143000,1,99,60000,220,-10,465,850,530,570,205,38,2800,1,6000,10,1,6,H3F3I1,,,,,,,,,,,,,,,,,,,,,,,,,,,,,,,
8150000,1,100,100000,500,,500,800,720,800,180,40,3500,0,5000,10,0,,S1H3,200,5,,,1,,,2,10,,,,,,,,,,,,,,,,,,,,,,
8150100,1,100,56000,230,-40,490,850,530,570,205,38,3000,0,5500,10,1,3,F2,,,,,,,,,,,,,,,,,,,,,,,,,,,,,,,
8150101,1,102,58500,240,-40,500,855,535,575,205,38,3100,0,5500,10,1,3,F2I2,,,,,,,,,,,,,,,,,,,,,,,,,,,,,,,
8150200,1,100,56000,200,-10,480,800,0,500,205,45,3000,0,5000,10,1,1,S2,,,,,,,,,,,,,,,,,,,,,,,,,,,,,,,
8150201,1,105,67000,200,-10,495,800,0,500,205,45,3700,0,5000,10,1,1,S2,,,,,,,,,,,,,,,,,,,,,,,,,,,,,,,
8150300,1,97,53000,210,-20,450,830,500,550,203,37,2500,0,5000,10,1,1,F2I3,,,,,,,,,,,,,,,,,,,,,,,,,,,,,,,
8150301,1,101,57000,250,-20,495,850,535,570,205,38,3050,0,5000,10,1,1,F3I2,,,,,,,,,,,,,,,,,,,,,,,,,,,,,,,
8150302,1,103,60000,250,-20,505,900,540,580,205,38,3150,0,5000,10,1,1,,,,,,,,,,,,,,,,,,,,,,,,,,,,,,,,
8160000,1,108,78000,200,-50,550,900,600,650,210,37,4300,0,5500,10,1,,L2,,,,,,1,,,,,,,,,,,,,,,,,,,,,,,,,
8170000,1,108,70000,300,-50,510,850,620,680,210,38,4100,1,5500,10,1,6,H3I2,,,,,,1,,,,,,,,,,,,,,,,,,,,,,,,,
8180000,1,105,3700000,1500,-20,550,900,680,850,200,39,13500,0,5000,10,1,,F2I3,300,20,1,5,1,1,1,2,,,,,,,,1,,,,,,,,,,,,,,,
8180001,1,105,3700000,1500,-20,550,900,680,850,200,39,13500,0,5000,10,1,,L2S3,300,20,1,5,1,1,1,2,,,,,,,,1,,,,,,,,,,,,,,,
8190000,1,105,68000,200,0,500,750,550,680,205,38,3800,0,5000,,1,1,,,,,,,1,,,,,,,,,,,,,,,,,,,,,,,,,
8190001,1,105,68000,200,0,500,750,550,680,205,38,0,0,5000,,1,1,,,,,,,1,,,,,,,8190000,,,,,,,,,,,,,,,,,,
8190002,1,110,80000,240,-50,580,900,650,600,210,38,8050,0,5000,10,1,8,,,,,,,,,,,,,,,,,,,,,,,,,,,,,,,,
8190003,1,110,80000,240,-20,520,800,660,700,210,38,4500,1,5000,10,1,7,H3,,,,,,,,,,,,,,,,,,,,,,,,,,,,,,,
8190004,1,113,85000,250,-20,530,810,670,710,210,38,4750,1,5000,10,1,7,H3,,,,,,,,,,,,,,,,,,,,,,,,,,,,,,,
8190005,1,110,80000,240,-50,580,900,650,600,210,38,4450,0,5000,10,1,8,,,,,,,,,,,8190002,,,,,,,,,,,,,,,,,,,,,
8200000,1,80,24000,300,-40,350,650,410,450,140,30,850,0,2800,10,1,,,,,,,,,,,,,,,,,,,,,,,,,,,,,,,,,
8200001,1,91,41000,195,-70,400,650,460,670,190,37,1900,0,4000,10,1,,S2L2,,,,,,,,,,,,,,,,,,,,,,,,,,,,,,,
8200002,1,94,45000,200,-60,420,660,510,720,195,37,2200,0,4000,10,1,,S2L2,,,,,,,,,,,,,,,,,,,,,,,,,,,,,,,
8200003,1,98,53000,200,-60,460,870,525,530,200,37,2600,0,5000,10,1,,S2L2,,,,,,,,,,,,,,,,,,,,,,,,,,,,,,,
8200004,1,101,59000,200,-50,500,910,545,540,205,37,3100,0,5000,10,1,,S2L2,,,,,,,,,,,,,,,,,,,,,,,,,,,,,,,
8200005,1,106,71000,200,-70,520,690,560,750,205,37,3350,0,6000,10,1,,I2F3L3,,,,,,,,,,,,,,,,,,,,,,,,,,,,,,,
8200006,1,109,79000,250,-60,530,700,600,800,210,38,3600,0,7000,10,1,,I2F3L3,,,,,,,,,,,,,,,,,,,,,,,,,,,,,,,
8200007,1,113,90000,260,-60,560,940,638,570,210,39,4500,0,8000,10,1,,I2F3L3,,,,,,,,,,,,,,,,,,,,,,,,,,,,,,,
8200008,1,116,99000,270,-50,575,990,655,590,215,40,4960,0,8000,10,1,,I2F3L3,,,,,,,,,,,,,,,,,,,,,,,,,,,,,,,
8200009,1,121,115000,300,-70,605,740,685,870,215,41,5750,0,9000,10,1,,F2S3,,,,,,,,,,,,,,,,,,,,,,,,,,,,,,,
8200010,1,124,123000,320,-60,620,760,700,910,220,43,6150,0,9000,10,1,,F2S3,,,,,,,,,,,,,,,,,,,,,,,,,,,,,,,
8200011,1,128,133000,340,-60,635,1030,715,630,220,45,6670,0,10000,10,1,,F2S3,,,,,,,,,,,,,,,,,,,,,,,,,,,,,,,
8200012,1,131,141000,360,-50,645,1060,725,680,230,47,7060,0,10000,10,1,,F2S3,,,,,,,,,,,,,,,,,,,,,,,,,,,,,,,
8220000,1,83,87000,320,-50,420,600,400,450,150,30,2800,0,3000,10,1,0,,100,5,1,5,1,1,1,2,,,,,,,,,,,,,,,,,,,,,,,
8220001,1,90,120000,300,0,450,800,430,500,195,38,5200,0,3000,10,1,0,,110,5,1,5,1,1,1,2,,,,,,,,,,,,,,,,,,,,,,,
8220002,1,85,96000,350,-30,430,700,430,465,160,27,3000,0,3000,10,1,8,,100,5,1,5,1,1,1,,,,,,,,,,,,,,,,,,,,,,,,
8220003,1,120,13400000,3500,-20,620,950,710,1050,230,41,47355,0,10000,10,1,,F2I2,1000,100,1,5,1,1,1,2,,,,,,,,,,,,,,,,,,,,,,,
8220004,1,121,5900000,2000,-70,630,950,715,1050,218,42,20850,0,10000,10,1,,F2I2L2S2,5000,200,1,5,1,1,1,2,,,,,,,,,,,,,,,,,,,,,,,
8220005,1,131,7600000,2500,-20,665,1020,735,1110,232,47,26850,0,13000,10,1,,I2L3,7000,220,1,5,1,1,1,2,,,,,,,,,,,,,,,,,,,,,,,
8220006,1,141,9300000,3000,-50,675,1100,755,1170,239,49,32865,0,15000,10,1,,F2S3,10000,300,1,5,1,1,1,2,,,,,,,,,,,,,,,,,,,,,,,
8500000,1,100,16000,12000,0,980,1000,530,1100,250,12,0,1,10000,10,1,8,,5000,100,,,1,,,,,,,1,8500002,,,,,,,,,,,,,,,,,,
8500001,1,125,23000000,2000000,-40,630,1000,480,1100,250,12,596000,0,10000,10,1,8,,10000,50000,4,1,1,1,,,,,,,8500002,,,,,,,,,,,,,,,,,,
8500002,1,125,1590000,80,60,800,800,1000,1200,230,40,970000,0,12000,10,1,,,,,1,5,1,1,,2,,,,,,,1,1,측정불가,측정불가,,,,,,,,,,,,,
8500003,1,71,10000,200,0,500,300,0,300,999,23,0,0,10000,10,1,8,F2I3,,,,,1,,,,,,,,,,,,,,,,,,,,,,,,,,
8500004,1,80,10000,200,0,500,300,0,500,999,15,0,0,10000,10,1,8,F2I3,,,,,1,,,,,,,,,,,,,,,,,,,,,,,,,,
8510000,1,110,30000000,3000000,0,790,1150,780,1270,245,14,1300000,0,10000,10,1,,F3,10000,50000,1,5,1,1,,2,,,,1,,,,1,,,,,,,,,,,,,,,
8510100,1,75,10000,200,0,500,300,0,400,220,20,0,0,10000,10,1,8,F1L1,,,,,1,,,,,,,1,,,,,,,,,,,,,,,,,,,
8520000,1,110,24000000,3000000,0,670,1000,670,1100,245,14,900000,0,10000,10,1,3,F3,10000,50000,2,5,1,1,,,,,129600,1,8510000,,,1,,,,,,,,,,,,,,,
8800000,1,140,66000000,30000,0,980,1000,530,1100,250,12,0,0,50000,10,1,6,,5000,100,1,3,1,1,,,,,,1,8800002,,,,,,,,,,,,,,,,,,
8800001,1,140,88000000,35000,0,1040,1100,550,1300,250,14,0,0,50000,10,1,6,,10000,1000,3,4,1,1,,,,,,1,8800002,,1,,,,,,,,,,,,,,,,
8800002,1,140,110000000,40000,0,1080,1200,570,1500,250,16,7000000,0,50000,10,1,,,20000,1000,4,5,1,1,,3,,,,1,,,1,1,측정불가,측정불가,1,,,,,,,,,,,,
8800003,1,140,33000000,18000,0,505,800,460,800,200,14,1344000,0,50000,10,1,6,,20000,1000,,,1,1,,,,,,1,8800002,,,,,,,,,,,,,,,,,,
8800004,1,140,33000000,18000,0,505,800,460,800,200,14,1344000,0,50000,10,1,6,,20000,1000,,,1,1,,,,,,1,8800002,,,,,,,,,,,,,,,,,,
8800005,1,140,22000000,18000,0,530,800,485,950,200,14,896000,0,50000,10,1,6,F2I3S1,20000,1000,,,1,1,,,,,,1,8800002,,,,,,,,,,,,,,,,,,
8800006,1,140,22000000,18000,0,530,800,485,950,200,14,896000,0,50000,10,1,6,I2L2F3,20000,1000,,,1,1,,,,,,1,8800002,,,,,,,,,,,,,,,,,,
8800007,1,140,27500000,18000,0,550,1050,515,1050,200,14,1120000,0,50000,10,1,6,,20000,1000,,,1,1,,,,,,1,8800002,,,,,,,,,,,,,,,,,,
8800008,1,140,30000000,18000,0,550,1050,515,1050,200,14,1120000,0,50000,10,1,6,,20000,1000,,,1,1,,,,,,1,8800002,,,,,,,,,,,,,,,,,,
8800009,1,140,25300000,18000,0,510,1050,500,750,200,14,1030400,0,50000,10,1,6,,30000,1000,,,1,1,,,,,,1,8800002,,,,,,,,,,,,,,,,,,
8800010,1,140,25300000,18000,0,510,1050,500,750,200,14,1030400,0,50000,10,1,6,,30000,1000,,,1,1,,,,,,1,8800002,,,,,,,,,,,,,,,,,,
8810000,1,160,330000000,43000,0,1350,1760,820,1840,250,18,9732030,0,50000,10,1,1,,100000,1000,3,5,1,1,,,,,,1,8810018,,,1,,,1,,,,,,,,,,,,
8810001,1,160,330000000,43000,0,1350,1760,820,1840,250,18,9732030,0,50000,10,1,1,,5000,100,3,5,1,1,,,,,,1,8810018,,,1,,,1,,,,,,,,,,,,
8810002,1,160,330000000,43000,0,1350,1760,820,1840,250,43,13902900,0,50000,10,1,1,,100000,1000,,,1,1,,,,,,1,8810018,,,,,,,,,,,,,,,,,,
8810003,1,160,490000000,49000,0,1540,1840,840,1920,250,45,20673700,0,50000,10,1,1,,100000,1000,,,1,1,,,,,,1,8810018,,,,,,,,,,,,,,,,,,
8810004,1,160,330000000,43000,0,1350,1760,820,1840,250,43,13902900,0,50000,10,1,1,,100000,1000,,,1,1,,,,,,1,8810018,,,,,,,,,,,,,,,,,,
8810005,1,160,230000000,35000,0,960,1350,525,1450,230,40,9689900,0,50000,10,1,1,,100000,1000,,,1,1,,,,,,1,8810018,,,,,,,,,,,,,,,,,,
8810006,1,160,230000000,35000,0,960,1350,525,1450,230,40,9689900,0,50000,10,1,1,,100000,1000,,,1,1,,,,,,1,8810018,,,,,,,,,,,,,,,,,,
8810007,1,160,270000000,400000,0,940,1440,550,1640,210,42,11375100,0,50000,10,1,1,,100000,1000,,,1,1,,,,,,1,8810018,,,,,,,,,,,,,,,,,,
8810008,1,160,130000000,38000,0,1160,1380,560,1580,210,42,5476900,0,50000,10,1,1,,100000,1000,,,1,1,,,,,,1,8810018,,,,,,,,,,,,,,,,,,
8810009,1,160,80000000,26000,0,1750,1430,570,1630,210,40,3370400,0,50000,10,1,1,,100000,1000,,,1,1,,,,,,1,8810018,,,,,,,,,,,,,,,,,,
8810010,1,140,66000000,30000,0,980,1000,530,1100,250,12,0,0,5000,10,1,1,,5000,100,,,1,,,,,,,1,8810018,,,,,,,,,,,,,,,,,,
8810011,1,140,66000000,30000,0,980,1000,530,1100,250,12,0,0,5000,10,1,1,,5000,100,,,1,,,,,,,1,8810018,,,,,,,,,,,,,,,,,,
8810012,1,140,66000000,30000,0,980,1000,530,1100,250,12,0,0,5000,10,1,1,,5000,100,,,1,1,,,,,,1,8810018,,,,,,,,,,,,,,,,,,
8810013,0,140,66000000,30000,0,980,1000,530,1100,250,12,0,0,5000,10,1,1,,5000,100,,,1,,,,,,,1,8810018,,,,,,,,,,,,,,,,,,
8810014,0,140,66000000,30000,0,980,1000,530,1100,250,12,0,0,5000,10,1,1,,5000,100,,,1,,,,,,,1,8810018,,,,,,,,,,,,,,,,,,
8810015,0,140,66000000,30000,0,980,1000,530,1100,250,12,0,0,5000,10,1,1,,5000,100,,,1,,,,,,,1,8810018,,,,,,,,,,,,,,,,,,
8810016,0,140,66000000,30000,0,980,1000,530,1100,250,12,0,0,5000,10,1,1,,5000,100,,,1,,,,,,,1,8810018,,,,,,,,,,,,,,,,,,
8810017,1,140,66000000,30000,0,980,1000,530,1100,250,12,0,0,5000,10,1,1,,5000,100,,,1,,,,,,,1,8810018,,,,,,,,,,,,,,,,,,
8810018,0,160,2090000000,0,0,0,0,0,0,0,0,0,0,1,10,1,,,,,3,5,,,,3,,,,,,,,1,측정불가,측정불가,1,2022108,,,,,,,,,,,
8810019,1,97,53000,210,,450,830,500,550,203,37,800,0,5000,10,1,1,F2I3,,,,,1,1,,,20,,,,,,,,,,,,,,,,,,,,,,
8810020,1,101,57000,250,,495,850,535,570,205,38,1000,0,5000,10,1,1,F3I2,,,,,1,1,,,20,,,,,,,,,,,,,,,,,,,,,,
8810021,1,103,80000,1000,,505,900,540,580,205,38,1050,0,5000,10,1,1,,,,,,1,1,,,20,,,,,,,,,,,,,,,,,,,,,,
8810022,1,100,56000,200,-10,480,800,0,500,205,45,1000,0,5000,10,1,1,S2,,,,,1,1,,,,,,,,,,,,,,,,,,,,,,,,,
8810023,1,105,67000,200,-10,495,800,0,500,205,45,1200,0,5000,10,1,1,S2,,,,,1,1,,,,,,,,,,,,,,,,,,,,,,,,,
8810024,0,1,40000,0,0,0,0,0,0,0,0,0,0,1,10,12,1,,,,,,,,,,,,1,1,,,,,,,,,1,,,,,,,,,,
8810025,0,1,40000,0,0,0,0,0,0,0,0,0,0,1,10,12,1,,,,,,,,,,,,1,1,,,,,,,,,1,,,,,,,,,,
8810026,0,1,40000,0,0,0,0,0,0,0,0,0,0,1,10,12,1,,,,,,,,,,,,1,1,,,,,,,,,1,,,,,,,,,,
8820000,,180,1,1000,0,0,0,0,0,0,0,0,0,0,10,12,,,0,500,,,1,1,,,,,,1,,,,,,,,,,,,,,,,,,,
8820001,1,180,2100000000,50000,-50,1700,1700,1200,1930,270,55,50000000,0,140000,10,12,1,P2H2F2I2,100000,1000,1,5,1,1,,3,,,,,,,,1,,,1,2022449,,,,,,,,,,,
8820002,1,180,600000000,50000,0,1650,1700,1300,1980,265,54,20000000,0,120000,10,12,1,H1F2L2I2,100000,1000,,,1,1,,,,,,1,,,,,,,,,,,,,,,,,,,
8820003,1,180,300000000,50000,0,1440,1540,770,1810,240,50,3000000,0,100000,10,12,1,,100000,1000,,,1,1,,,,,,1,,,,,,,,,,,,,,,,,,,
8820004,1,180,300000000,50000,0,1480,1580,750,1830,250,51,3000000,0,100000,10,12,1,,100000,1000,,,1,1,,,,,,1,,,,,,,,,,,,,,,,,,,
8820005,1,180,450000000,50000,0,1580,1600,900,1860,255,52,3500000,0,100000,10,12,1,F2I3,100000,1000,,,1,1,,,,,,1,,,,,,,,,,,,,,,,,,,
8820006,1,180,450000000,50000,0,1600,1580,950,1880,260,53,3500000,0,100000,10,12,1,I2F3,100000,1000,,,1,1,,,,,,1,,,,,,,,,,,,,,,,,,,
8820007,1,150,303000,500,,700,1200,800,1200,240,50,11000,0,30000,10,1,,S2I3F3,,,,,1,,,,-30,,,,,,,,,,,,,,,,,,,,,,
8820008,0,1,200000,0,0,0,0,0,0,0,0,0,0,1,10,12,,,,,,,,,,,,,1,1,,,,,,,,,1,,,,,,,,,,
8820009,0,1,200000,0,0,0,0,0,0,0,0,0,0,1,10,12,,,,,,,,,,,,,1,1,,,,,,,,,1,,,,,,,,,,
8820010,0,1,300000000,0,0,0,0,0,0,0,0,0,0,1,10,12,,,,,3,2,,,,,,,,1,,,,,,,,,1,,,,,,,,,,
8820011,0,1,600000000,0,0,0,0,0,0,0,0,0,0,1,10,12,,,,,2,6,,,,,,,,1,,,,,,,,,1,,,,,,,,,,
8820012,0,1,1050000000,0,0,0,0,0,0,0,0,0,0,1,10,12,,,,,6,7,,,,,,,,1,,,,,,,,,1,,,,,,,,,,
8820013,0,1,1500000000,0,0,0,0,0,0,0,0,0,0,1,10,12,,,,,7,4,,,,,,,,1,,,,,,,,,1,,,,,,,,,,
8820014,0,1,2100000000,0,0,0,0,0,0,0,0,0,0,1,10,12,,,,,4,1,,,,,,,,1,,,,,,,,,1,,,,,,,,,,
8820015,1,180,300000000,50000,0,1500,1500,830,1870,250,52,3000000,0,100000,10,12,1,,100000,1000,,,1,1,,,,,,1,,,,,,,,,,,,,,,,,,,
8820016,1,180,300000000,50000,0,1520,1520,810,1890,260,53,3000000,0,100000,10,12,1,,100000,1000,,,1,1,,,,,,1,,,,,,,,,,,,,,,,,,,
8820018,1,180,450000000,50000,0,1660,1540,1010,1940,265,55,3500000,0,100000,10,12,1,I2F3,100000,1000,,,1,1,,,,,,1,,,,,,,,,,,,,,,,,,,
8820019,0,1,600000000,0,0,0,0,0,0,0,0,0,0,1,10,12,,,,,,,,,,,,,,1,,,,,,,,,1,,,,,,,,,,
8820020,0,1,300000000,0,0,0,0,0,0,0,0,0,0,1,10,12,,,,,,,,,,,,,,1,,,,,,,,,1,,,,,,,,,,
8820021,0,1,300000000,0,0,0,0,0,0,0,0,0,0,1,10,12,,,,,,,,,,,,,,1,,,,,,,,,1,,,,,,,,,,
8820022,0,1,450000000,0,0,0,0,0,0,0,0,0,0,1,10,12,,,,,,,,,,,,,,1,,,,,,,,,1,,,,,,,,,,
8820023,0,1,450000000,0,0,0,0,0,0,0,0,0,0,1,10,12,,,,,,,,,,,,,,1,,,,,,,,,1,,,,,,,,,,
8820024,0,1,300000000,0,0,0,0,0,0,0,0,0,0,1,10,12,,,,,,,,,,,,,,1,,,,,,,,,1,,,,,,,,,,
8820025,0,1,300000000,0,0,0,0,0,0,0,0,0,0,1,10,12,,,,,,,,,,,,,,1,,,,,,,,,1,,,,,,,,,,
8820026,0,1,450000000,0,0,0,0,0,0,0,0,0,0,1,10,12,,,,,,,,,,,,,,1,,,,,,,,,1,,,,,,,,,,
8820027,0,1,450000000,0,0,0,0,0,0,0,0,0,0,1,10,12,,,,,,,,,,,,,,1,,,,,,,,,1,,,,,,,,,,
9000001,1,35,800,100,-15,110,30,0,60,50,10,0,0,1,10,1,1,S2,,,,,,,,,,3230100,,,,,,,,,,,,,,,,,,,,,
9000002,1,35,600,100,-20,110,50,0,20,50,10,0,0,1,10,1,4,,,,,,,,,,,2110200,,,,,,,,,,,,,,,,,,,,,
9000100,1,35,600,100,0,110,50,0,50,50,10,0,0,1,10,1,0,F2I3,,,,,,,,,,3210100,,,,,,,,,,,,,,,,,,,,,
9000101,1,35,800,100,35,110,30,120,50,90,10,0,0,1,10,1,0,,,,,,,,,,,3210800,,,,,,,,,,,,,,,,,,,,,
9000200,1,35,800,100,-10,110,50,0,50,50,18,0,0,1,10,1,1,,,,,,,,,,,2230100,,,,,,,,,,,,,,,,,,,,,
9000201,1,35,600,100,0,110,30,0,50,50,15,0,1,1,10,1,7,H3,,,,,,,,,,2230101,,,,,,,,,,,,,,,,,,,,,
9000300,1,35,800,100,5,110,50,0,50,50,15,0,0,1,10,1,1,I2F3,,,,,,,,,,4230100,,,,,,,,,,,,,,,,,,,,,
9000301,1,35,600,100,5,110,30,0,50,60,15,0,0,1,10,1,4,,,,,,,,,,,2220100,,,,,,,,,,,,,,,,,,,,,
9001000,1,80,150000,345,0,330,530,0,115,150,15,2400,0,2000,10,1,6,,100,20,,,1,,,,,,,,,,,,,,,,1,,,,,,,,,,
9001001,1,80,90000,820,-50,170,120,335,350,100,10,2400,0,1500,10,1,6,,100,20,,,1,,,,,,,,,,,,,,,,1,,,,,,,,,,
9001002,1,80,120000,510,10,260,260,0,220,210,25,2400,0,1500,10,1,6,,100,20,,,1,,,,,,,,,,,,,,,,1,,,,,,,,,,
9001003,1,80,120000,510,10,260,260,0,220,180,32,2400,0,1500,10,1,6,,100,20,,,1,,,,,,,,,,,,,,,,1,,,,,,,,,,
9001004,1,80,130000,410,0,280,260,0,115,180,18,2400,0,1500,10,1,6,,100,20,,,1,,,,,,,,,,,,,,,,1,,,,,,,,,,
9001005,1,35,800,100,-35,110,60,0,50,60,15,0,0,1,10,1,4,,,,,,,,,,,,,,,,,,,,,,,,,,,,,,,,
9001006,1,35,800,100,-35,110,50,0,20,50,0,0,0,1,10,1,4,,,,,,,,,,,,,,,,,,,,,,,,,,,,,,,,
9001007,,35,800,100,-10,0,50,0,20,10,15,0,0,1,10,1,8,,,,,,,,,,,,,,,,,,,,,,,,,,,,,,,,
9001008,1,80,70000,200,0,140,220,0,115,150,15,0,0,0,10,1,6,,50,10,,,,1,,,,,30,,,,,,,,,,1,1,,,,,,,,,
9100000,1,200,9999,0,-20,1,999,0,999,999,999,0,0,9999,10,1,5,,,,,,,,,,,0210100,,,,,,,,,,,,,1,,,,,,,,
9100001,1,200,9999,0,0,1,999,0,999,999,999,0,0,9999,10,1,1,,,,,,,,,,,2130103,,,,,,,,,,,,,1,,,,,,,,
9100002,1,200,9999,0,,1,999,1,999,999,999,0,0,9999,10,1,0,,,,,,,,,,0,2300100,,,,,,,,,,,,,1,,,,,,,,
9100003,1,200,99999,0,0,100,999,0,999,999,999,0,0,9999,10,1,1,,,,,,,,,,,2130103,,,,,,,,,,,,,1,,,,,,,,
9100004,1,200,99999,0,0,155,999,0,999,999,999,0,0,9999,10,1,1,,,,,,,,,,,2130103,,,,,,,,,,,,,1,,,,,,,,
9100005,1,200,99999,0,0,155,999,0,999,999,999,0,0,9999,,1,8,H2F3,,,,,,,,,,,,,,,,,,,,,,,1,,,,,,,,
9100006,1,200,99999,0,0,155,999,0,999,999,999,0,0,9999,,1,8,H2F3,,,,,,,,,,,,,,,,,,,,,,,1,,,,,,,,
9100007,1,200,9999,0,5,95,999,0,999,999,999,0,0,9999,10,1,0,,,,,,,,,,,1210101,,,,,,,,,,,,,1,,,,,,,,
9100008,1,200,99999,0,10,100,999,0,999,999,999,0,0,1,0.5,1,0,,,,,,,,,,,,,,,,,,,,,,,,,,,,,,,,
9100009,1,200,99999,0,10,160,999,0,999,999,999,0,0,1,0.5,1,0,,,,,,,,,,,,,,,,,,,,,,,,,,,,,,,,
9100010,1,200,99999,0,0,115,999,0,999,999,999,0,0,1,10,1,0,,,,,,,,,,,9600008,,,,,,,,,,,,,,,,,,,,,
9100013,1,30,8000,0,-20,100,45,0,45,60,10,100,,1,10,0,6,,,,,,,1,,,,,,,,,,,,,,,1,,,,,,,,,,
9200000,1,25,550,55,0,90,20,0,30,50,8,42,0,1,10,1,0,,,,,,,,,,,2230102,,,,,,,,,,,,,,,,,,,,,
9200001,1,32,1000,60,0,110,40,0,40,60,10,60,0,1,10,1,0,F2I3,,,,,,,,,,3210100,,,,,,,,,,,,,,,,,,,,,
9200002,1,10,250,10,-70,65,20,0,10,42,0,18,0,1,10,1,4,F3,,,,,,,,,,1110101,,,,,,,,,,,,,,,,,,,,,
9200003,1,22,300,35,-20,90,30,0,0,55,7,35,0,1,10,1,4,,,,,,,,,,,2110200,,,,,,,,,,,,,,,,,,,,,
9200004,1,15,250,25,-20,82,12,0,40,45,5,26,0,1,10,1,4,S1,,,,,,,,,,1110100,,,,,,,,,,,,,,,,,,,,,
9200005,1,6,50,35,-20,42,5,0,10,35,1,10,0,1,10,1,5,L3,,,,,,,,,,0210100,,,,,,,,,,,,,,,,,,,,,
9200006,1,37,1500,100,25,110,35,125,40,100,20,77,0,1,10,1,0,,,,,,,,,,,3210800,,,,,,,,,,,,,,,,,,,,,
9200007,1,40,1800,100,30,120,70,135,70,110,25,90,1,100,10,1,7,H3,,,,,,,,,,4230101,,,,,,,,,,,,,,,,,,,,,
9200008,1,20,350,30,5,90,10,0,60,55,7,32,0,1,10,1,4,,,,,,,,,,,2220100,,,,,,,,,,,,,,,,,,,,,
9200009,1,55,4000,120,-70,180,130,0,100,80,15,170,0,1000,10,1,8,,,,,,,,,,,5130101,,,,,,,,,,,,,,,,,,,,,
9200010,1,24,500,50,0,95,20,0,30,50,8,42,1,1,10,1,7,H3,,,,,,,,,,2230101,,,,,,,,,,,,,,,,,,,,,
9200011,1,27,720,40,-10,100,35,0,70,60,10,50,0,1,10,1,1,,,,,,,,,,,2230100,,,,,,,,,,,,,,,,,,,,,
9200012,1,50,3200,100,-10,165,110,0,150,75,18,135,0,500,10,1,1,,,,,,,,,,,5130100,,,,,,,,,,,,,,,,,,,,,
9200013,1,40,2000,50,5,130,80,0,80,65,15,85,0,1,10,1,1,I2F3,,,,,,,,,,4230100,,,,,,,,,,,,,,,,,,,,,
9200014,1,62,5500,100,30,210,180,0,130,100,20,240,0,1500,10,1,1,,,,,,,,,,,6230100,,,,,,,,,,,,,,,,,,,,,
9200015,1,30,950,0,-15,100,38,0,40,65,12,60,0,0,10,1,8,,10,,,,,,,,,3000005,,,,,,,,,,,,,,,,,,,,,
9200016,1,30,950,0,-45,100,38,0,40,65,12,60,0,0,10,1,8,,10,,,,,,,,,3230400,,,,,,,,,,,,,,,,,,,,,
9200017,1,32,1050,0,-10,105,50,0,70,80,14,65,0,0,10,1,8,,10,,,,,,,,,3110101,,,,,,,,,,,,,,,,,,,,,
9200018,1,50,3700,20,-20,150,170,0,180,120,25,135,0,1,10,1,0,I2F3,,,,,,,,,,5100000,,,,,,,,,,,,,,,,,,,,,
9200019,1,58,5800,100,0,170,200,205,220,150,25,220,0,1000,10,1,0,I2F3,50,2,,,,,,,,5140000,,,,,,,,,,,,,,,,,,,,,
9200020,1,78,20000,100,-20,330,600,365,450,145,30,0,0,2500,10,1,0,I2F3,30,2,,,,,,,,7130102,,,,,,,,,,,,,,,,,,,,,
9200021,1,65,11000,80,-50,182,170,270,245,110,24,455,0,2000,10,1,0,I2F3,50,2,,,,,,,,6300000,,,,,1,,,,,,,,,,,,,,,,
9200022,1,60,7200,100,60,167,210,0,225,200,30,420,0,1000,10,1,0,I2F3,,,,,,,,,,6130102,,,,,1,,,,,,,,,,,,,,,,
9300000,1,21,320,40,10,100,60,0,60,240,15,240,0,50,10,1,1,,,,,,,,,,,,,,,,,,,,,,1,,,,,,,,,,
9300001,1,32,1000,80,-40,110,90,0,80,140,10,120,0,1,10,1,1,I2F3,,,,,,,,,,,,,,,,,,,,,1,,,,,,,,,,
9300002,1,35,2000,130,-15,120,90,0,140,120,8,280,0,1,10,1,1,S2,,,,,,,,,,,,,,,,,,,,,1,,,,,,,,,,
9300003,1,40,8000,100,-20,130,160,165,160,140,10,800,0,300,10,0,,I2F2L2H2,,,,,,,,2,,,,,,,,,,,,,,,,,,,,,,,
9300004,1,54,4100,50,0,155,275,0,215,175,25,165,0,600,10,1,8,,,20,,,,,,,,,,,,,,,,,,,1,,,,,,,,,,
9300005,1,32,3700,0,-10,112,85,0,95,80,13,260,0,0,10,1,8,,,,,,,,,,,3110102,,,,,,,,,,,1,,,,,,,,,,
9300006,1,34,4300,0,0,125,95,0,95,90,14,280,0,0,10,1,8,,,,,,,,,,,3210205,,,,,,,,,,,1,,,,,,,,,,
9300007,1,35,4900,0,-10,115,120,125,150,100,15,288,0,0,10,1,8,,10,,,,,,,,,3230302,,,,,,,,,,,1,,,,,,,,,,
9300008,1,43,7100,0,-40,130,470,0,70,120,18,340,0,200,10,1,6,,,,,,,,,,,,,,,,,,,,,,1,,,,,,,,,,
9300009,1,40,6500,0,-60,145,130,0,110,150,12,408,0,300,10,1,8,L2I2F3,,,,,,,,,,4230109,,,,,,,,,,,1,,,,,,,,,,
9300010,1,47,33000,220,-50,175,185,195,200,150,18,850,0,1000,10,1,8,,,,,,1,,,,,4130103,,,,,,,,,,,1,,,,,,,,,,
9300011,1,39,1920,0,20,124,110,0,130,135,18,92,0,1,10,1,8,,,,,,,,,,,,,,,,,,,,,,1,,,,,,,,,,
9300012,1,56,125000,2500,-30,280,210,260,240,160,26,4800,0,1500,10,1,,I2F2L2H2S2,,,,,1,,,2,,,,,,,,,,,,,,,,,,,,,,,
9300013,1,200,99999,0,-40,999,999,0,999,999,999,1,0,99999,10,1,8,,,,,,,,,,,4230110,,,,,,,,,,,1,,1,,,,,,,,
9300014,1,43,6500,0,-30,130,70,0,470,120,18,340,0,200,10,1,6,I2L2F2H2,,,,,,,,,,,,,,,,,,,,,1,1,,,,,,,,,
9300015,1,37,2750,30,-20,117,90,0,120,135,22,82,1,0,10,1,5,,,,,,,,,,,3230306,,,,,,,,,,,1,,,,,,,,,,
9300016,1,41,3050,50,-15,125,130,142,160,145,24,99,1,0,10,1,5,,,,,,,,,,,4230114,,,,,,,,,,,1,,,,,,,,,,
9300017,1,46,3600,70,-10,130,170,160,200,155,26,115,1,300,10,1,5,,,,,,,,,,,4230115,,,,,,,,,,,1,,,,,,,,,,
9300018,1,1,8,15,-60,20,0,0,0,30,0,1,0,1,10,1,8,,,,,,,,,,,,,1,,,,,,,,,,,,1,,,,,,,
9300019,1,65,40000,180,-60,285,380,0,560,145,23,1120,0,2500,10,1,8,I2F2L2S2,,,,,,1,,,,,,,,,,,,,,,1,,,,,,,,,,
9300020,1,63,16000,100,-60,285,350,0,560,140,23,520,0,2500,10,1,8,I2F2L2S2,,,,,,1,,,,,,,,,,,,,,,1,,,,,,,,,,
9300021,1,200,9999999,0,-60,1999,1999,0,1999,999,999,0,0,99999,10,1,8,I2F2L2H2S2,,,,,,,,,,,,,,,,,,,,,1,,1,,,,,,,,
9300022,1,66,40000,200,-20,250,550,320,320,145,25,1060,1,2700,10,1,6,H3S2,,,,,,1,,,,,,,,,,,,,,,1,,,,,,,,,,
9300023,1,66,40000,200,-10,250,550,320,320,145,25,1060,1,2700,10,1,6,H3S2,,,,,,1,,,,,,,,,,,,,,,1,,,,,,,,,,
9300024,1,67,35000,120,-50,310,370,0,800,145,21,1100,0,1500,10,1,8,I2F2L2S2H2,50,2,,,,1,,,,,,,,,,,,,,,1,,,,,,,,,,
9300025,1,68,35000,300,0,260,340,360,570,140,20,1150,0,1600,,1,8,I2F2L2S2H2,50,2,,,,1,,,,,,1,,,,,,,,,1,,,,,,,,,,
9300026,1,62,15000,100,5,220,250,0,250,130,26,430,0,1200,10,1,8,,,5,,,,1,,,,,,,,,,,,,,,1,,,,,,,,,,
9300027,1,23,1000,0,-20,95,30,0,40,55,8,170,0,100,10,1,6,,,,,,,,,,,,,,,,,,,,,,1,,,,,,,,,,
9300028,1,115,1700000,150000,0,700,1100,700,1200,230,18,150000,1,9999,,1,,I2F2L2H2S2,3000,5000,3,5,1,1,,2,,,,1,,,,,,,,,,,,,,,,,,,
9300029,1,99,1000000,100000,0,600,800,600,850,210,13,0,0,9999,,1,8,I2F2L2H2S2,1000,5000,,,1,1,,,,,,1,,,,,,,,,,,,,,,,,,,
9300030,1,99,800000,70000,0,600,800,600,850,210,13,0,0,9999,,1,8,I2F2L2H2S2,1000,5000,,,1,1,,,,,,1,,,,,,,,,,,,,,,,,,,
9300031,1,100,900000,80000,0,610,950,610,920,210,14,0,0,9999,,1,8,I2F2L2H2S2,1000,5000,,,1,1,,,,,,1,,,,,,,,,,,,,,,,,,,
9300032,1,100,900000,80000,0,610,950,610,920,210,14,0,0,9999,,1,8,I2F2L2H2S2,1000,5000,,,1,1,,,,,,1,,,,,,,,,,,,,,,,,,,
9300033,1,62,15000,100,5,220,250,0,250,130,26,430,0,2200,10,1,8,,,,,,,1,,,,9300026,,,,,,,,,,,1,,,,,,,,,,
9300034,1,66,20000,200,-10,250,550,320,320,145,25,0,1,2700,10,1,6,H3S2,,,,,,1,,,,9300023,,,,,,,,,,,1,,,,,,,,,,
9300035,1,62,15000,100,5,220,250,0,250,130,26,0,0,1500,10,1,8,,,,,,,1,,,,9300026,,,,,,,,,,,1,,,,,,,,,,
9300036,1,66,22000,200,-20,250,550,320,320,145,25,100,1,2700,10,1,6,H3S2,,,,,,1,,,,9300022,,,,,,,,,,,1,,,,,,,,,,
9300037,1,66,22000,200,-10,250,550,320,320,145,25,100,1,2700,10,1,6,H3S2,,,,,,1,,,,9300023,,,,,,,,,,,1,,,,,,,,,,
9300038,1,59,9000,100,,200,160,190,200,130,25,420,1,500,10,1,7,H2,,,,,,1,,,-50,,10,,,,,,,,,,1,,,,,,,,,,
9300039,1,65,672000,60000,-20,270,450,290,520,190,18,17000,0,1500,,0,,I2F2L2H2S2,150,20,1,5,1,1,,,,,,,,,,,,,,,,,,,,,,,,,
9300040,1,54,4400,200,5,150,180,165,130,120,20,170,0,99999,10,1,0,F2I3,,,,,,,,,,,,,,,,,,,,,1,,,,,,,,,,
9300041,1,57,7300,200,5,165,350,175,170,125,22,370,0,500,10,1,0,F2I3,,,,,,,,,,,,,,,,,,,,,1,,,,,,,,,,
9300042,1,57,7300,200,5,165,190,175,330,125,22,370,0,500,10,1,0,I2F3,,,,,,,,,,,,,,,,,,,,,1,,,,,,,,,,
9300043,1,57,7300,200,5,165,190,175,170,125,22,370,0,500,10,1,0,L2I3,,,,,,,,,,,,,,,,,,,,,1,,,,,,,,,,
9300044,1,65,3000,200,5,500,999,0,999,160,999,0,0,50,10,1,0,S1H3,,,,,,,,,,,,,,,,,,,,,1,,,,,,,,,,
9300045,1,54,6600,200,5,155,175,165,140,122,21,325,0,400,10,1,5,,,5,,,,,,,,,,,,,,,,,,,1,,,,,,,,,,
9300046,1,53,6300,200,0,150,170,160,120,120,20,320,0,350,10,1,5,H2,,5,,,,,,,,,,,,,,,,,,,1,,,,,,,,,,
9300047,1,56,7200,200,-15,160,180,170,160,124,22,355,0,450,10,1,5,I2F2L2H2,,5,,,,,,,,,,,,,,,,,,,1,,,,,,,,,,
9300048,1,59,10000,200,0,170,180,180,180,130,25,430,0,500,,1,4,F3,30,10,,,,1,,,,,,,,,,,,,,,1,,,,,,,,,,
9300049,1,59,10000,200,0,170,180,180,180,130,25,430,0,500,,1,4,F3,30,10,,,,1,,,,,,,,,,,,,,,1,,,,,,,,,,
9300050,1,60,25000,200,,170,225,0,190,150,40,515,0,500,10,1,5,,,,,,,1,,,-40,,,,,,,,,,,,1,,,,,,,,,,
9300051,1,51,6400,100,0,145,165,0,110,115,20,305,0,300,10,1,0,F2I3,,,,,,,,,,,,,,,,,,,,,1,,,,,,,,,,
9300052,1,51,6400,100,0,145,165,0,110,115,20,305,0,300,10,1,0,L2I3,,,,,,,,,,,,,,,,,,,,,1,,,,,,,,,,
9300053,1,51,6400,100,0,145,165,0,110,115,20,305,0,300,10,1,0,I2F3,,,,,,,,,,,,,,,,,,,,,1,,,,,,,,,,
9300054,1,54,6600,200,5,155,175,165,140,122,21,335,0,400,10,1,5,,,5,,,,,,,,,,,,,,,,,,,1,,,,,,,,,,
9300055,1,53,6300,200,0,150,170,160,120,120,20,320,0,350,10,1,5,H2,,5,,,,,,,,,,,,,,,,,,,1,,,,,,,,,,
9300056,1,56,7200,200,-15,160,180,170,160,124,22,355,0,450,10,1,5,I2F2L2H2,,5,,,,,,,,,,,,,,,,,,,1,,,,,,,,,,
9300057,1,54,4400,200,5,150,180,165,130,120,20,170,0,99999,10,1,0,F2I3,,,,,,,,,,,,,,,,,,,,,1,,,,,,,,,,
9300058,1,7,75,40,0,52,5,0,20,40,0,15,0,1,10,1,0,,,,,,,,,,,,,,,,,,,,,,1,,,,,,,,,,
9300059,1,10,120,45,5,70,10,0,30,40,2,20,0,1,10,1,0,,,,,,,,,,,,,,,,,,,,,,1,,,,,,,,,,
9300060,1,42,1100,60,20,85,60,0,40,100,5,296,0,100,10,1,0,,,,,,,,,,,,,,,,,,,,,,1,,,,,,,,,,
9300061,,30,5000,200,5,0,0,0,0,0,0,0,0,0,10,1,0,,,,,,,,,,,,,,,,,,,,,,,,,,1,6,,,,,
9300062,1,8,80,30,,25,5,0,30,40,1,10,0,0,10,1,0,,,,,,,,,,-30,,,,,,,,,,,,1,,,,,,,,,,
9300063,1,6,60,20,,22,5,0,20,40,3,22,0,0,10,1,0,,,,,,,,,,-28,,,,,,,,,,,,1,,,,,,,,,,
9300064,1,11,155,40,,35,10,0,40,40,3,22,0,0,10,1,6,,,,,,,,,,-50,,,,,,,,,,,,1,,,,,,,,,,
9300065,1,100,56000,200,-10,480,800,0,500,205,45,1000,0,5000,10,1,1,S2,,,,,,,,,,8150200,,,,,,,,,,,1,,,,,,,,,,
9300066,1,100,56000,200,-10,480,800,0,500,205,45,1000,0,5000,10,1,1,S2,,,,,,,,,,8150200,,,,,,,,,,,1,,,,,,,,,,
9300067,1,105,67000,200,-10,495,800,0,500,205,45,1200,0,5000,10,1,1,S2,,,,,,,,,,,,,,,,,,,,,1,,,,,,,,,,
9300068,1,105,67000,200,-10,495,800,0,500,205,45,1200,0,5000,10,1,1,S2,,,,,,,,,,,,,,,,,,,,,1,,,,,,,,,,
9300069,1,97,53000,210,-20,450,830,500,550,203,37,800,0,5000,10,1,1,F2I3,,,,,,,,,,8150300,,,,,,,,,,,1,,,,,,,,,,
9300070,1,97,53000,210,-20,450,830,500,550,203,37,800,0,5000,10,1,1,F2I3,,,,,,,,,,8150300,,,,,,,,,,,1,,,,,,,,,,
9300071,1,101,57000,250,-20,495,850,535,570,205,38,1000,0,5000,10,1,1,F3I2,,,,,,,,,,8150301,,,,,,,,,,,1,,,,,,,,,,
9300072,1,101,57000,250,-20,495,850,535,570,205,38,1000,0,5000,10,1,1,F3I2,,,,,,,,,,8150301,,,,,,,,,,,1,,,,,,,,,,
9300073,1,103,60000,250,-20,505,900,540,580,205,38,1050,0,5000,10,1,1,,,,,,,,,,,8150302,,,,,,,,,,,1,,,,,,,,,,
9300074,1,103,60000,250,-20,505,900,540,580,205,38,1050,0,5000,10,1,1,,,,,,,,,,,8150302,,,,,,,,,,,1,,,,,,,,,,
9300075,1,110,80000,240,-20,520,800,660,700,210,38,1500,1,5000,10,1,7,H3,,,,,,,,,,,,,,,,,,,,,1,,,,,,,,,,
9300076,1,110,80000,240,-20,520,800,660,700,210,38,1500,1,5000,10,1,7,H3,,,,,,,,,,,,,,,,,,,,,1,,,,,,,,,,
9300077,1,113,85000,250,-20,530,810,670,710,210,38,1500,1,5000,10,1,7,H3,,,,,,,,,,,,,,,,,,,,,1,,,,,,,,,,
9300078,1,105,68000,200,0,500,750,550,680,205,38,1250,0,100,,1,1,,,,,,,1,,,,,,,,,,,,,,,1,,,,,,,,,,
9300079,1,110,80000,240,-50,580,900,650,600,210,38,1500,0,5000,10,1,8,,,,,,,,,,,,,,,,,,,,,,1,,,,,,,,,,
9300080,1,68,13000,100,0,210,190,290,270,130,26,265,0,2000,10,1,6,,,,,,,,,,,,,,,,,,,,,,1,,,,,,,,,,
9300081,1,8,80,30,,25,5,0,30,40,1,10,0,0,10,1,0,,,,,,,,,,-40,,,,,,,,,,,,1,,,,,,,,,,
9300082,1,6,60,20,,22,5,0,20,40,3,22,0,0,10,1,0,,,,,,,,,,-33,,,,,,,,,,,,1,,,,,,,,,,
9300083,1,11,155,40,,35,10,0,40,40,3,22,0,0,10,1,6,,,,,,,,,,-60,,,,,,,,,,,,1,,,,,,,,,,
9300084,1,43,6500,0,-30,130,70,0,470,120,18,340,0,200,10,1,6,I2L2F2H2,,,,,,,,,,4230107,,,,,,,,,,,,,,,,,,,,,
9300085,1,80,50000,500,-20,450,420,605,450,150,30,2000,0,3000,,0,6,S1H3,100,5,,,1,,,,,8130100,,,,,,,,,,,,,,,,,,,,,
9300086,1,108,70000,300,-50,510,850,620,680,210,38,4100,1,5500,10,1,6,F3I1L1S1H1P1,,,,,1,1,,,,8170000,,,,,,,,,,,,,,,,,,,,,
9300087,1,75,18000,220,35,300,550,390,400,130,30,350,0,1500,10,1,6,S1F2L2,50,5,,,,,,,,7130101,,,,,,,,,,,,,,,,,,,,,
9300088,1,80,120000,510,10,260,260,0,220,180,32,2400,0,1500,10,1,6,,100,20,,,1,,,,,9001003,,,,,,,,,,,,,,,,,,,,,
9300089,1,120,1350000,1500,,430,780,480,850,200,39,13500,0,5000,10,0,2,F2I3,,,,,1,1,,,10,,,,,,,,,,,,,,,,,,,,,,
9300090,1,120,1350000,1500,,430,780,480,850,200,39,13500,0,5000,10,0,2,F3I2,,,,,1,1,,,10,,,,,,,,,,,,,,,,,,,,,,
9300091,1,200,9999999,0,-60,1999,1999,0,1999,999,999,0,0,99999,10,1,8,I2F2L2H2S2,,,,,,,,,,9300021,,,,,,,,,,,,,1,,,,,,,,
9300092,1,80,50000,500,-20,450,420,605,450,150,30,2000,0,3000,,0,6,S1H3,100,5,,,1,,,,,8130100,,,,,,,,,,,,,,,,,,,,,
9300093,,30,100000,200,5,0,0,0,0,0,0,0,0,0,10,1,,,,,,,,,,,,,,,,,,,,,,,,,,,1,,,,,,
9300094,1,100,50000,500,,400,600,500,600,180,40,3500,0,5000,10,0,6,S1H3,200,5,,,1,,,,10,8150000,,,,,,,,,,,,,,,,,,,,,
9300095,1,80,19000,300,-30,250,450,310,420,140,28,850,0,5000,10,1,0,I2F3,150,5,,,,,,,,8140000,,,,,,,,,,,,,,,,,,,,,
9300096,1,88,37000,200,-20,390,800,430,495,170,28,1600,0,3000,10,1,5,,,,,,,,,,,8140101,,,,10,,,,,,,,,,,,,,,,,
9300097,1,85,17000,150,,370,645,0,430,160,29,1400,0,500,10,1,3,F2,,,,,,1,,,0,7130020,,,,,,,,,,,,,,,,,,,,,
9300098,1,92,42500,190,-30,420,840,460,540,197,38,2000,1,4200,10,1,7,F2H3,,,,,,,,,,8140600,,,,,,,,,,,,,,,,,,,,,
9300099,1,100,56000,230,-40,490,850,530,570,205,38,3000,0,5500,10,1,3,F2,,,,,,,,,,8150100,,,,,,,,,,,,,,,,,,,,,
9300100,1,108,70000,300,-50,510,850,620,680,210,38,4100,1,5500,10,1,6,I3F1L1S1H1P1,,,,,1,1,,,,8170000,,,,,,,,,,,,,,,,,,,,,
9300101,,70,200,50,0,0,1999,0,1999,0,999,0,0,5000,10,1,0,,,,,,,,,,,,1200,,,,,,,,,,,,,,,,,,,,
9300102,,70,24000,50,30,0,0,0,0,0,0,0,0,0,10,1,0,,,,,,,,,,,,,,,,,,,,,,,,,,1,3,,,,,
9300103,1,70,4500,130,-10,200,200,220,200,170,18,0,0,0,10,1,5,,,,,,,,,,,,,,,,,,,,,,1,,,,,,,,,,
9300104,1,70,4500,130,,200,200,220,200,170,18,0,0,,10,0,5,,,,,,,,,,-10,,,,,,,,,,,,1,,,,,,,,,,
9300105,1,63,480000,400,-40,270,690,330,475,160,22,8800,0,5000,10,1,,I2F2L2H2S2,,,3,5,1,1,,2,,9300119,,,,,,1,,,,,,,,,,,,,,,
9300106,1,68,540000,500,-40,290,710,350,495,170,22,12000,0,5000,10,1,,I2F2L2H2S2,,,3,5,1,1,,2,,9300119,,,,,,1,,,,,,,,,,,,,,,
9300107,1,70,300000,300,-40,250,670,310,455,140,22,4000,0,5000,10,1,,I2F2L2H2S2,,,4,1,1,,,2,,,40,,,,,1,,,,,,,,,,,,,,,
9300108,1,56,4300,150,-30,145,180,0,200,135,18,92,0,1000,10,1,8,,,,,,,,,,,4230505,,,,,,1,,,,,1,,,,,,,,,,
9300109,1,57,4500,160,-30,150,190,0,210,135,19,95,0,1000,10,1,8,,,,,,,,,,,4230506,,,,,,1,,,,,1,,,,,,,,,,
9300110,1,58,4700,160,-20,150,180,0,230,150,18,98,0,1000,10,1,4,,,,,,,,,,,5120501,,,,,,1,,,,,1,,,,,,,,,,
9300111,1,59,4900,160,-40,155,180,0,235,150,20,100,0,1000,10,1,4,,,,,,,,,,,5120502,,,,,,1,,,,,1,,,,,,,,,,
9300112,1,59,4100,160,-20,160,170,0,210,150,22,100,0,1000,10,1,4,,,,,,,,,,,,,,,,,1,,,,,1,,,,,,,,,,
9300113,1,60,4300,160,-40,170,180,0,215,150,24,104,0,1000,10,1,4,,,,,,,,,,,,,,,,,1,,,,,1,,,,,,,,,,
9300114,1,58,2700,100,-30,150,190,180,230,140,18,68,0,1000,10,1,1,L2,,,,,,1,,,,,,,,,,1,,,,,1,,,,,,,,,,
9300115,1,59,2820,100,0,155,350,240,250,130,23,70,0,1000,10,1,6,L2,,,,,,1,,,,,,,,,,1,,,,,1,,,,,,,,,,
9300116,1,60,2940,100,0,170,250,270,350,165,22,72,0,600,10,1,6,L2,,,,,,1,,,,,,,,,,1,,,,,1,,,,,,,,,,
9300117,1,62,22800,100,0,155,190,240,250,130,24,313,0,1000,10,1,6,,,,,,,,,,,,10,,,,,1,,,,,1,,,,,,,,,,
9300118,1,64,28200,100,0,170,250,270,260,165,26,378,0,1000,10,1,6,,,,,,,,,,,,10,,,,,1,,,,,1,,,,,,,,,,
9300119,1,60,420000,300,-40,250,670,310,455,140,22,7200,0,5000,10,1,,I2F2L2H2S2,,,3,5,1,1,,,,,,,,,,1,,,,,,,,,,,,,,,
9300120,1,59,8820,100,-30,160,190,180,230,140,23,180,0,1000,10,1,1,,,,,,,1,,,,,,,,,,1,,,,,1,,,,,,,,,,
9300121,1,60,9360,100,0,170,380,240,250,130,24,187,0,1000,10,1,6,,,,,,,1,,,,,,,,,,1,,,,,1,,,,,,,,,,
9300122,1,62,10440,100,0,180,250,270,380,165,26,198,0,1000,10,1,6,,,,,,,1,,,,,,,,,,1,,,,,1,,,,,,,,,,
9300123,1,59,7350,100,-30,155,190,180,230,140,20,150,0,1000,10,1,1,,,,,,,,,,,,,,,,,1,,,,,1,,,,,,,,,,
9300124,1,60,7800,100,0,160,190,240,250,130,23,156,0,1000,10,1,6,,,,,,,,,,,,,,,,,1,,,,,1,,,,,,,,,,
9300125,1,62,8700,100,0,215,250,320,260,165,23,165,0,2000,10,1,6,,,,,,,,,,,,,,,,,1,,,,,1,,,,,,,,,,
9300126,1,59,9500,160,-30,155,190,0,220,150,19,105,0,1000,10,1,8,,,,,,,,,,,4230506,,,,,,1,,,,,1,,,,,,,,,,
9300127,1,30,1800,0,0,155,70,0,150,75,16,110,0,0,10,1,8,L2,10,,,,,1,,,,3000005,,,,,,,,,,,,,,,,,1,,,,
9300128,1,30,1800,0,-10,145,100,165,150,70,18,113,0,0,10,1,8,L2,10,,,,,1,,,,3230302,,,,,,,,,,,,,,,,,1,,,,
9300129,1,30,1600,0,20,150,120,0,160,100,25,115,0,1,10,1,8,L2,,,,,,1,,,,3210208,,,,,,,,,,,,,,,,,1,,,,
9300130,1,30,2300,30,0,155,110,0,210,135,20,113,1,0,10,1,5,L2,,,,,,1,,,,3230306,,,,,,,,,,,,,,,,,1,,,,
9500131,1,73,15500,240,5,280,300,315,320,160,28,320,0,1200,10,1,,S1H3,,,,,,,,,,7130000,,,,,,,,,,,,,,,,,,,,,
9500132,1,75,16000,150,-10,330,800,380,290,160,25,350,0,1500,10,2,,,100,3,,,,,,,,7130200,,,,,,,,,,,,,,,,,,,,,
9500133,1,78,20000,100,-20,330,600,365,450,145,30,0,0,2500,10,1,,I2F3,30,2,,,,,,,,,,,,,,,,,,,,,,,,,,,,,
9500134,1,80,27000,300,-30,350,650,410,520,140,28,850,0,5000,10,1,,I2F3,150,5,,,,,,,,8140000,,,,,,,,,,,,,,,,,,,,,
9500135,1,85,32000,180,-30,375,700,430,465,160,27,1300,1,3500,10,1,,H3F3,,,,,,,,,,7130010,,,,,,,,,,,,,,,,,,,,,
9500136,1,98,58000,220,-50,460,845,520,580,205,38,2600,0,5300,10,1,,F2L3,,,,,,,,,,8141100,,,,,,,,,,,,,,,,,,,,,
9500137,1,95,53000,200,-10,450,835,500,530,200,37,2800,1,5500,10,1,,H3F3I1,,,,,,,,,,8143000,,,,,,,,,,,,,,,,,,,,,
9500138,1,90,45000,190,-20,425,835,465,505,195,38,1800,0,5000,10,1,,F2I3,,,,,,,,,,8140500,,,,,,,,,,,,,,,,,,,,,
9500139,1,80,50000,500,-20,450,420,605,450,150,30,2000,0,3000,,0,,S1H3,100,5,,,1,,,,,8130100,,,,,,,,,,,,,,,,,,,,,
9500140,1,100,100000,500,,500,800,720,800,180,40,3500,0,5000,10,0,,S1H3,200,5,,,1,,,,10,8150000,,,,,,,,,,,,,,,,,,,,,
9500141,1,65,11000,80,-50,182,170,270,245,110,24,455,0,2000,10,1,,I2F3,50,2,,,,,,,,6300000,,,,,1,,,,,,,,,,,,,,,,
9500142,1,60,7200,100,60,167,210,0,225,200,30,420,0,1000,10,1,,I2F3,,,,,,,,,,6130102,,,,,1,,,,,,,,,,,,,,,,
9500143,1,35,1400,0,0,120,100,0,130,110,16,72,0,1,10,1,,,,,,,,,,,,,,,,,,,,,,,,,,,,,,,,,
9500144,1,10,120,20,-50,70,10,0,30,30,2,19,0,1,10,1,,,,,,,,,,,,,,,,,,,,,,,,,,,,,,,,,
9500145,1,38,1850,0,0,125,100,0,125,130,18,87,0,50,10,1,,,,,,,,,,,,,,,,,,,,,,,,,,,,,,,,,
9500146,1,42,2250,0,-50,135,120,0,130,150,18,100,0,50,10,1,,,,,,,,,,,,,,,,,,,,,,,,,,,,,,,,,
9500147,1,70,20000,150,-20,280,280,330,280,125,18,272,0,2500,10,1,,F3I2,30,2,,,,,,,,,,,,,,,,,,,,,,,,,,,,,
9500148,1,45,2600,0,-50,150,130,0,130,110,18,110,0,250,10,1,,F3I2,20,,,,,,,,,,,,,,,,,,,,,,,,,,,,,,
9500149,1,50,3600,120,-60,150,170,0,180,120,24,136,0,400,10,1,,,,,,,,,,,,,,,,,,,,,,,,,,,,,,,,,
9500150,1,60,6900,120,-50,200,200,0,210,150,24,221,0,800,10,1,,F3I2,,,,,,,,,,,,,,,,,,,,,,,,,,,,,,,
9500151,1,15,240,10,10,80,40,0,50,80,10,26,0,30,10,1,,,,,,,,,,,,,,,,,,,,,,,,,,,,,,,,,
9500152,1,20,350,30,0,90,10,0,60,55,7,32,0,1,10,1,,,,,,,,,,,,,,,,,,,,,,,,,,,,,,,,,
9500153,1,25,560,0,-40,90,35,0,40,55,8,43,0,1,10,1,,,,,,,,,,,,,,,,,,,,,,,,,,,,,,,,,
9500154,1,30,930,20,-40,100,45,0,45,65,12,56,0,1,10,1,,,,,,,,,,,,,,,,,,,,,,,,,,,,,,,,,
9500155,,56,4500,120,-20,165,150,180,190,135,28,185,0,500,10,1,,F3H3,,,,,,,,,,,60,,,,,,,,,,,,,,,,,,,,
9500156,,48,2800,80,15,155,180,0,180,130,20,120,1,300,10,1,,H3,50,,,,,,,,,,60,,,,,,,,,,,,,,,,,,,,
9500157,,35,1200,80,0,110,90,0,90,100,17,70,1,50,10,1,,H3F3,,,,,,,,,,,60,,,,,,,,,,,,,,,,,,,,
9500158,,70,25000,200,-25,285,280,335,280,120,15,400,0,1000,10,1,,F2I3,30,2,,,1,,,,,,60,,,,,,,,,,,,,,,,,,,,
9500159,,70,25000,200,-25,285,280,335,280,120,15,400,0,1000,10,1,,F3I2,30,2,,,1,,,,,,60,,,,,,,,,,,,,,,,,,,,
9500160,,70,25000,200,-25,285,280,335,280,120,15,400,0,1000,10,1,,S1,30,2,,,1,,,,,,60,,,,,,,,,,,,,,,,,,,,
9500161,1,80,27000,300,-10,350,650,410,450,140,28,850,0,2800,10,1,,S3,,,,,,,,,,7130004,,,,,,,,,,,,,,,,,,,,,
9500162,1,80,27000,300,-10,350,650,410,450,140,28,850,0,2800,10,1,,S3,,,,,,,,,,8140001,,,,,,,,,,,,,,,,,,,,,
9500163,1,83,30000,160,-10,365,700,400,465,150,27,1100,0,3000,10,1,,F2I3,,,,,,,,,,8140002,,,,,,,,,,,,,,,,,,,,,
9500164,1,88,37000,200,-20,390,800,430,495,170,28,1600,1,3000,10,1,,H3,,,,,,,,,,8140101,,,,10,,,,,,,,,,,,,,,,,
9500165,1,88,37000,200,0,390,800,430,495,170,28,1600,0,3000,10,1,,F2I3,,,,,,,,,,8140102,,,,10,,,,,,,,,,,,,,,,,
9500166,1,88,37000,200,0,390,800,430,495,170,28,1600,0,3000,10,1,,I2F3,,,,,,,,,,8140103,,,,10,,,,,,,,,,,,,,,,,
9500167,1,10,120,45,5,70,10,0,30,40,2,20,0,1,10,1,,,,,,,,,,,,,,,,,,,,,,,,,,,,,,,,,
9500168,1,20,945,30,-20,45,10,45,20,140,0,182,0,1,10,0,,,,,,,1,1,,,,,600,,,,,1,,,,,,,,,,,,,,,
9500169,1,30,3094,500,-20,95,20,90,10,150,0,263,0,1,,0,,H3,,,,,1,1,,,,,600,,,,,1,,,,,,,,,,,,,,,
9500170,1,45,8925,500,-20,105,40,100,40,160,0,543,0,200,,0,,,,,,,1,1,,,,,600,,,,,1,,,,,,,,,,,,,,,
9500171,1,50,18620,500,,135,120,145,120,180,0,1267,0,500,10,0,,H3,,,,,1,1,,,10,,600,,,,,1,,,,,,,,,,,,,,,
9500172,1,50,20230,500,-30,100,38,110,40,160,0,1590,0,500,10,1,,,,,,,1,1,,,,,600,,,,,1,,,,,,,,,,,,,,,
9500173,1,80,205100,1500,-20,165,150,170,160,170,0,17200,0,3000,10,1,,L2S3,,,,,1,1,,,,,600,,,,,1,,,,,,,,,,,,,,,
9500174,1,80,205100,1500,-20,165,150,170,160,170,0,17200,0,3000,10,1,,F2I3,,,,,1,1,,,,,600,,,,,1,,,,,,,,,,,,,,,
9500175,1,60,54600,300,-60,115,95,120,90,140,0,2430,0,220,10,1,,,,,,,1,1,,,,,600,,,,,1,,,,,,,,,,,,,,,
9500176,1,60,50400,190,-20,85,35,75,25,160,0,2260,0,220,10,0,,F3,,,,,1,1,,,,,600,,,,,1,,,,,,,,,,,,,,,
9500177,1,50,20692,200,-20,70,10,65,0,150,0,1780,0,200,10,1,,,,,,,1,1,,,,,1500,,,,,,,,,,,,,,,,,,,,
9500178,1,40,1435,10,0,80,40,0,10,140,0,0,0,150,10,1,,,,,,,,1,,,,,1500,1,,,,,,,,,,,,,,,,,,,
9500179,1,40,5810,1000,-15,80,40,70,10,140,0,532,0,150,10,1,,,,,,,1,1,,,,,1500,,,,1,,,,,,,,,,,,,,,,
9500180,1,90,353500,1000,-40,195,170,180,160,180,0,18200,0,5000,10,1,,,,,,,1,1,,,,,1500,,,,,,,,,,,,,,,,,,,,
9500181,1,90,211400,500,60,195,170,180,160,180,0,24647,0,5000,10,1,,,,,,,1,1,,,,,1500,,,,1,,,,,,,,,,,,,,,,
9500182,1,35,330000000,500,-23,1,1,1,1,150,999,35,,1000,10,0,,,,,,,1,,,,,,,,,,,,,,,,,,,,,,,,,,
9500183,1,35,330000000,500,-23,1,1,1,1,150,999,35,,1000,10,0,,,,,,,1,,,,,,10,,,,,,,,,,,,,,,,,,,,
9500184,1,15,15,0,,80,10,0,40,50,1,20,0,3,10,,,,,,,,,,,,0,,,,,,,,,,,,,,,,,,,5,,,
9500185,1,15,15,0,,80,10,0,40,50,1,20,0,3,10,,,,,,,,,,,,0,,,,,,,,,,,,,,,,,,,5,,,
9500186,1,15,15,0,,80,10,0,40,50,1,20,0,3,10,,,,,,,,,,,,0,,,,,,,,,,,,,,,,,,,5,,,
9500187,1,20,20,0,-40,90,10,0,60,55,1,25,0,0,10,,,,,,,,,,,,,,,,,,,,,,,,,,,,,,,5,,,
9500188,1,20,20,0,-40,90,10,0,60,55,1,25,0,0,10,,,,,,,,,,,,,,,,,,,,,,,,,,,,,,,5,,,
9500189,1,30,100,0,20,95,60,100,50,80,1,50,0,100,10,1,,,,,,,,,,,,,,1,,,,,,,,,,,,,,,,10,,,
9500190,1,1800,70,5,140,140,160,0,160,150,17,95,0,100,10,1,,,,,,,,1,,,,,,,,,,,,,,,,,,,,,,5,,,
9500191,1,16,20,10,-20,80,12,0,40,45,1,20,1,0,10,,,,,,,,,,,,,,,,,,,,,,,,,,,,,,,5,,,
9500192,1,100,10,10,0,40,5,0,10,40,1,12,0,0,10,,,,,,,,,,,,,,180,,,0,,,,,,,,,,,,,,5,,,
9500193,1,100,10,40,-40,40,5,0,10,40,1,12,0,0,10,,,,,,,,,,,,,,180,,,,,,,,,,,,,,,,,5,,,
9500194,1,20,350,30,0,1,10,0,60,999,999,1,0,,10,,,,,,,,1,1,,,,,3,1,,,,,,,,,1,,1,,,,,,,,
9500195,1,10,10,0,-50,60,10,60,30,40,1,16,0,1,10,,,,,,,,,,,,,,,,,,,,,,,,,,,,,,,5,,,
9500196,1,15,15,0,-50,72,12,0,40,45,1,16,1,1,10,,,,,,,,,,,,,,,,,,,,,,,,,,,,,,,5,,,
9500197,1,10,50,0,-50,42,5,0,10,42,1,,1,1,10,1,,,,,,,,,,,,,,,,,,,,,,,,,,,,,,5,1,,
9500198,1,100,5,0,0,10,10,10,10,80,1,10,0,100,10,1,,,,,,,,,,,,,180,1,,,,,,,,,,,,,,,,10,,,
9500199,1,100,10,10,0,40,5,40,10,40,1,12,0,100,10,1,,,,,,,,1,,,,,180,,,,,,,,,,,,,,,,,5,,,
9500200,0,80,50000,500,-20,0,420,0,450,150,30,0,0,3000,,0,,S1H3,100,5,,,1,,,,,,,,,,,,,,,,,,,,,,,,,,
9500201,0,65,11000,80,-50,0,170,0,245,110,24,10,0,2000,10,1,,I2F3,50,2,,,1,,,,,,,,,,,,,,,,,,,,,,,,,,
9500202,0,58,10000,100,0,0,200,0,220,150,25,10,0,1000,10,1,,I2F3,50,2,,,1,,,,,,,,,,,,,,,,,,,,,,,,,,
9500203,0,7,10000,40,0,0,5,0,20,40,0,10,0,1,10,1,,,,,,,1,,,,,,,,,,,,,,,,,,,,,,,,,,
9500204,0,10,10000,45,5,0,10,0,30,40,2,10,0,1,10,1,,,,,,,1,,,,,,,,,,,,,,,,,,,,,,,,,,
9500300,1,100,10,10,-40,40,10,40,10,40,1,12,0,0,10,,,,,,,,,,,,,,180,,,,,,,,,,,,,,,,,5,,,
9500301,1,100,10,0,-40,40,10,40,10,40,1,12,0,0,10,,,,,,,,,,,,,,180,,,,,,,,,,,,,,,,,5,,,
9500302,1,5,50,30,-70,10,10,10,10,30,0,0,0,1,10,,,,,,,,,,,,,,,,,,,,,,,,,,,,,,,5,1,,
9500303,1,20,350,30,0,1,10,0,60,999,999,1,0,,10,,,,,,,,1,1,,,,,3,1,,,,,,,,,1,,1,,,,,,,,
9500304,1,20,350,30,0,1,10,0,60,999,999,1,0,,10,,,,,,,,1,1,,,,,3,1,,,,,,,,,1,,1,,,,,,,,
9500305,1,10,10,0,-50,60,10,60,30,40,1,0,0,1,10,,,,,,,,,,,,,,,,,,,,,,,,,,,,,,,5,,,
9500306,,20,2000,30,-40,90,20,0,30,60,8,120,0,1,10,1,0,,10,1,1,5,1,,1,,,,60,,,,,,,,,,,,,,,,,,,,
9500307,,35,7000,120,-60,125,50,0,70,80,12,405,0,1,10,1,4,,35,1,1,5,1,,1,,,,60,,,,,,,,,,,,,,,,,,,,
9500308,,50,9800,100,-30,165,110,0,150,100,20,410,0,600,10,1,7,,800,50,1,5,1,,1,,,,60,,,,,,,,,,,,,,,,,,,,
9500309,,55,25000,200,-20,165,120,175,120,100,20,1210,0,1000,10,1,3,,1250,10,1,5,1,,1,,,,60,,,,,,,,,,,,,,,,,,,,
9500310,,59,21000,200,-30,200,180,205,230,150,20,650,0,1100,10,1,8,,1200,50,1,5,1,,1,,,,60,,,,,,,,,,,,,,,,,,,,
9500311,,65,31000,200,-30,190,190,200,220,150,30,810,0,1500,10,1,1,,1400,50,1,5,1,,1,,,,60,,,,,,,,,,,,,,,,,,,,
9500312,,70,89000,200,-40,260,280,310,265,130,25,1300,0,1500,10,1,0,,1900,10,1,5,1,,1,,,,60,,,,,,,,,,,,,,,,,,,,
9500313,,71,93000,200,-30,285,335,310,265,175,30,1580,0,1500,10,1,0,,2200,10,1,5,1,,1,,,,60,,,,,,,,,,,,,,,,,,,,
9500314,,77,108000,520,-30,320,520,350,410,160,27,2280,0,2500,10,1,0,,2700,10,1,5,1,,1,,,,60,,,,,,,,,,,,,,,,,,,,
9500315,,83,87000,320,-50,420,600,400,450,150,30,2800,0,3000,10,1,0,,100,5,1,5,1,,1,,,,60,,,,,,,,,,,,,,,,,,,,
9500316,,90,120000,300,0,450,800,430,500,195,38,5200,0,3000,10,1,0,,110,5,1,5,1,,1,,,,60,,,,,,,,,,,,,,,,,,,,
9500317,1,10,3000,20,-20,10,10,10,10,-25,1,20,0,100,10,1,,,,,1,5,1,,1,,,,,,,,,,,,,,,,,,,,,10,,,
9500318,1,40,4500,20,-30,10,10,10,10,-20,1,85,0,100,10,1,,,,,1,5,1,,1,,,,,,9500317,,,,,,,,,,,,,,,10,,,
9500319,1,70,6000,20,-60,10,10,10,10,40,1,270,0,100,10,1,,,,,1,5,1,,1,,,,,,9500317,,,1,,,1,,,,,,,,,10,,,
9500320,1,10,50,0,-30,42,5,0,10,42,1,,0,1,10,1,0,,,,,,,,,,,,,,,,,,,,,,,,,,,,,5,1,,
9500321,,10,600,100,0,10,10,10,10,-25,1,0,,10,10,,,,,,,,,,,,,,180,1,9500317,,,,,,,,,,,,,,,10,,,
9500322,1,10,3,20,-20,10,10,10,10,-25,1,20,0,0,10,1,,,,,,,1,,,,,,180,,9500317,,,,,,,,,,,,,,,1,,,
9500323,1,70,5000000,1,5,1,1,1,1,999,999,0,,1000,10,0,,,,,,,1,,,,,,,,,,,,,,,,,,,,,,,,,,
9500324,1,70,5000000,1,5,1,1,1,1,999,999,0,,1000,10,0,,,,,,,1,,,,,9500323,5,,,,,,,,,,,,,,,,,,,,
9500325,1,23,5000,100,-20,85,35,110,45,55,9,210,0,1,10,0,,,,,,,1,,,,,,,,,,,,,,,,,,,,,,,,,,
9500326,1,45,25500,200,5,140,180,155,200,210,21,550,0,50,10,0,,,,,,,1,,,,,,,,,,,,,,,,,,,,,,,,,,
9500327,1,30,9500,200,-20,100,38,120,40,65,12,300,0,50,10,0,,,,,,,1,,,,,8130100,,,,,,,,,,,,,,,,,,,,,
9500328,1,35,13000,200,,120,100,130,100,145,12,360,0,50,10,0,,,,,,,1,,,,10,8150000,,,,,,,,,,,,,,,,,,,,,
9500329,1,40,19300,200,-20,120,140,140,160,170,13,475,0,50,10,0,,,,,,,1,,,,,9300039,,,,,,,,,,,,,,,,,,,,,
9500330,1,50,32000,250,-30,165,110,150,150,75,18,675,0,50,10,0,,,,10,,,1,,,,,9300012,,,,,,,,,,,,,,,,,,,,,
9500331,1,55,46000,300,-40,165,120,175,120,100,15,850,0,50,10,0,,,,10,,,1,,,,,,,,,,,,,,,,,,,,,,,,,,
9500332,1,45,26000,200,0,150,130,170,110,105,14,550,0,10000,10,1,,,100,5,,,1,,,,,,,1,,,,,,,,,,,,,,,,,,,
9500333,1,50,30000,260,-20,140,170,150,200,80,15,675,0,300,10,0,,,,,,,1,,,,,8220003,,,,,,,,,,,,,,,,,,,,,
9500334,1,55,48000,150,-40,165,180,160,200,135,18,925,0,50,10,0,,,100,5,,,1,,,,,9300119,,,,,,,,,,,,,,,,,,,,,
9500335,1,50,30000,255,-30,140,170,160,200,80,15,675,0,50,10,0,,,,,,,1,,,,,,,,,,,,,,,,,,,,,,,,,,
9500336,0,70,50000000,100000,20,1,1,1,1,1,999,0,0,1000,10,1,,,,,,,1,1,,,,,12,,,,,,,,,,,,1,,,,,,,,
9500337,1,20,2000,30,-40,90,20,0,30,60,8,120,0,1,10,1,0,,10,1,1,5,1,1,1,,,2220000,,,,,,,,,,,,,,,,,,,,1,
9500338,1,35,7000,120,-60,125,50,0,70,80,12,405,0,1,10,1,4,,35,1,1,5,1,1,1,,,3220000,,,,,,,,,,,,,,,,,,,,1,
9500339,1,38,7700,200,-60,130,100,0,120,130,18,445,0,1,10,1,4,,50,20,1,5,1,1,1,,,3220001,,,,,,,,,,,,,,,,,,,,1,
9500340,1,40,8000,100,-20,130,160,165,160,140,10,800,0,300,10,0,,I2F2L2H2,,,,,,,,,,9300003,,,,,,,,,,,,,,,,,,,,1,
9500341,1,50,9800,100,-30,165,110,0,150,100,20,410,0,600,10,1,,,800,50,1,5,1,1,1,,,5220002,,,,,,,,,,,,,,,,,,,,1,
9500342,1,55,25000,200,-20,165,120,175,120,100,20,1210,0,1000,10,1,,,1250,10,1,5,1,1,1,,,5220000,,,,,,,,,,,,,,,,,,,,1,
9500343,1,56,125000,2500,-30,280,210,260,240,160,26,4800,0,1500,10,1,,I2F2L2H2S2,,,,,1,,,,,9300012,,,,,,,,,,,,,,,,,,,,1,
9500344,1,59,21000,200,-30,200,180,205,230,150,20,650,0,1100,10,1,8,,1200,50,1,5,1,1,1,,,5220003,,,,,,,,,,,,,,,,,,,,1,
9500345,1,60,20000,200,5,200,320,300,320,150,27,1200,0,1000,10,0,4,,100,5,1,5,1,,1,,,6130101,,,,,,,,,,,,,,,,,,,,1,
9500346,1,65,31000,200,-30,190,190,200,220,150,30,810,0,1500,10,1,1,,1400,50,1,5,1,1,1,,,6220000,,,,,,,,,,,,,,,,,,,,1,
9500347,1,65,36000,300,-40,205,210,0,200,150,29,940,0,5400,10,1,1,,1500,50,1,5,1,1,1,,,6220001,,,,,,,,,,,,,,,,,,,,1,
9500348,1,70,89000,200,-40,260,280,310,265,130,25,1300,0,1500,10,1,0,,1900,10,1,5,1,1,1,,,7220001,,,,,,,,,,,,,,,,,,,,1,
9500349,1,60,420000,300,-40,250,670,310,455,140,22,7200,0,5000,10,1,,I2F2L2H2S2,,,3,5,1,1,,,,9300119,,,,,,,,,,,,,,,,,,,,1,
9500350,1,71,93000,200,-30,285,335,310,265,175,30,1580,0,1500,10,1,0,,2200,10,1,5,1,1,1,,,7220000,,,,,,,,,,,,,,,,,,,,1,
9500351,1,65,672000,60000,-20,270,450,290,520,190,18,17000,0,1500,,0,,I2F2L2H2S2,150,20,1,5,1,1,,,,9300039,,,,,,,,,,,,,,,,,,,,1,
9500352,1,77,108000,520,-30,320,520,350,410,160,27,2280,0,2500,10,1,,,2700,10,1,5,1,1,1,,,7220002,,,,,,,,,,,,,,,,,,,,1,
9500353,1,80,50000,500,-20,450,420,605,450,150,30,2000,0,3000,,0,6,S1H3,100,5,1,5,1,,1,,,8130100,,,,,,,,,,,,,,,,,,,,1,
9500354,1,81,660000,2500,-30,400,700,400,990,170,28,12000,0,6000,10,13,,,3000,20,3,5,1,1,,,,9300139,,,,,,,,,,,,,,,,,,,,1,
9500355,1,83,87000,320,-50,420,600,400,450,150,30,2800,0,3000,10,1,0,,100,5,1,5,1,1,1,,,8220000,,,,,,,,,,,,,,,,,,,,1,
9500356,1,85,96000,350,-30,430,700,430,465,160,27,3000,0,3000,10,1,8,,100,5,1,5,1,1,1,,,8220002,,,,,,,,,,,,,,,,,,,,1,
9500357,1,90,120000,300,0,450,800,430,500,195,38,5200,0,3000,10,1,0,,110,5,1,5,1,1,1,,,8220001,,,,,,,,,,,,,,,,,,,,1,
9500358,1,100,100000,500,,500,800,720,800,180,40,3500,0,5000,10,0,,S1H3,200,5,,,1,1,,,10,8150000,,,,,,,,,,,,,,,,,,,,1,
9500359,1,105,3700000,1500,-20,550,900,680,850,200,39,13500,0,5000,10,1,,F2I3,300,20,1,5,1,1,1,,,8180000,,,,,,1,,,,,,,,,,,,,,1,
9500360,1,105,3700000,1500,-20,550,900,680,850,200,39,13500,0,5000,10,1,,L2S3,300,20,1,5,1,1,1,,,8180001,,,,,,1,,,,,,,,,,,,,,1,
9500361,1,120,13400000,3500,-20,620,950,710,1050,230,41,47355,0,10000,10,1,,F2I2,1000,100,1,5,1,1,1,,,8220003,,,,,,,,,,,,,,,,,,,,1,
9500362,1,125,23000000,2000000,-40,630,1000,480,1100,250,12,596000,0,10000,10,1,8,,10000,50000,4,1,1,1,,,,8500001,,,8500002,,,,,,,,,,,,,,,,,1,
9500363,1,110,30000000,3000000,0,790,1150,780,1270,245,14,1300000,0,10000,10,1,,F3,10000,50000,1,5,1,1,,,,8510000,,1,,,,1,,,,,,,,,,,,,,1,
9500364,,10,20,10,0,10,10,10,10,1,1,0,,10,10,,,,,,,,1,,,,,,1800,,,,,,,,,,,1,,,,,,,,,0
9500365,,10,20,10,0,10,10,10,10,1,1,0,,10,10,,,,,,,,1,,,,,,,1,,,,,,,,,,1,,,,,,1,,,0
9500366,1,15,380,130,-10,120,140,140,160,170,18,95,0,0,10,1,,L3,,,,,,,,,,4230116,,,,,,,,,,,,,,,,,,5,,,
9500367,1,15,400,55,-10,130,160,150,180,190,20,102,0,0,10,0,,L3,,15,,,,,,,-20,4230117,,,,,,,,,,,,,,,,,,5,,,
9500368,1,15,420,170,-5,140,180,155,200,210,21,110,0,0,10,1,,L2,,,,,,,,,,4230118,,,,,,,,,,,,,,,,,,5,,,
9500369,1,15,520,220,-60,140,140,180,250,140,25,580,0,0,10,1,,I2L2F2H2,,,,,,,,,,4240000,,,,,,,,,,,,,,,,,,5,,,
9500370,1,15,450,170,-50,135,160,158,210,180,1,20,0,300,10,1,,,,,,,,,,,,4240000,,,,,,,,,,,,,,,,,,5,,,
9500371,1,15,480,150,-40,130,120,135,120,160,16,99,0,0,10,1,,,,,,,,,,,,4230119,,,,,,,,,,,,,,,,,,5,,,
9500372,1,15,500,0,0,140,140,0,190,170,18,105,0,0,10,1,,,,,,,,,,,,4230120,,,,,,,,,,,,,,,,,,5,,,
9500373,1,20,600,170,-50,170,280,180,280,140,20,980,0,300,10,1,,,,,,,1,,,,,5120100,,,,,,,,,,,,,,,,,,5,,,
9500400,1,1,10000,10000,0,0,50,0,50,1,1,0,,100000,10,1,,,,,,,1,,,,,,,1,,,,,,,,,,,,,,,,,,,
9501000,1,10,300000,1000,-30,1,0,0,0,200,0,0,0,0,10,1,,,,,,,,,,,,,60,,,,1,,,,,,,,,,,,,,,,
9501001,1,10,300000,1000,-30,1,0,0,0,200,0,0,0,0,10,1,,,,,,,,,,,,,60,,,,1,,,,,,,,,,,,,,,,
9501002,1,10,300000,1000,-30,1,0,0,0,200,0,0,0,0,10,1,,,,,,,,,,,,,60,,,,1,,,,,,,,,,,,,,,,
9501003,1,10,300000,1000,-30,1,0,0,0,200,0,0,0,0,10,1,,,,,,,,,,,,,60,,,,1,,,,,,,,,,,,,,,,
9501004,1,10,300000,1000,-30,1,0,0,0,200,0,0,0,0,10,1,,,,,,,,,,,,,60,,,,1,,,,,,,,,,,,,,,,
9501005,1,10,300000,1000,-30,1,0,0,0,200,0,0,0,0,10,1,,,,,,,,,,,,,60,,,,1,,,,,,,,,,,,,,,,
9501006,1,10,300000,1000,-30,1,0,0,0,200,0,0,0,0,10,1,,,,,,,,,,,,,60,,,,1,,,,,,,,,,,,,,,,
9501007,1,10,300000,1000,-30,1,0,0,0,200,0,0,0,0,10,1,,,,,,,,,,,,,60,,,,1,,,,,,,,,,,,,,,,
9501008,1,10,300000,1000,-30,1,0,0,0,200,0,0,0,0,10,1,,,,,,,,,,,,,60,,,,1,,,,,,,,,,,,,,,,
9501009,1,10,300000,1000,-30,1,0,0,0,200,0,0,0,0,10,1,,,,,,,,,,,,,60,,,,1,,,,,,,,,,,,,,,,
9501010,1,10,300000,1000,-30,1,0,0,0,200,0,0,0,0,10,1,,,,,,,,,,,,,60,,,,1,,,,,,,,,,,,,,,,
9501011,1,10,300000,1000,-30,1,0,0,0,200,0,0,0,0,10,1,,F1L1I1S1H1P1,,,,,,,,,,,60,,,,1,,,,,,,,,,,,,,,,
9501012,1,10,300000,1000,-30,1,0,0,0,200,0,0,0,0,10,1,,F2L2I2S2H2P2,,,,,,,,,,,60,,,,1,,,,,,,,,,,,,,,,
9501013,1,10,300000,1000,-30,1,0,0,0,200,0,0,0,0,10,1,,F3L3I3S3H3P3,,,,,,,,,,,60,,,,1,,,,,,,,,,,,,,,,
9501014,1,10,300000,1000,-30,1,0,0,0,200,0,0,1,0,10,1,,,,,,,,,,,,,60,,,,1,,,,,,,,,,,,,,,,
9501015,1,10,300000,1000,-30,1,0,0,0,200,0,0,0,0,10,1,,,,,,,1,,,,,,60,,,,1,,,,,,,,,,,,,,,,
9501016,,,,,,,,,,,,,,,,,,,,,,,,,,,,2230102,,,,,,,,,,,,,,,,,,,,,
9501017,1,10,300000,1000,-30,1,0,0,0,200,0,0,0,0,10,1,,,,,,,,,,,,,90,,,,1,,,,,,,,,,,,,,,,
9600001,1,20,340,30,-10,85,10,0,20,55,7,33,0,1,10,1,,,,,,,,,,,,,,,,,,,,,,,,,,,,,,,,,
9600002,1,22,380,35,-5,90,20,0,20,55,7,37,0,1,10,1,,,,,,,,,,,,,,,,,,,,,,,,,,,,,,,,,
9600003,1,25,550,50,-5,95,20,0,30,50,8,42,0,1,10,1,,,,,,,,,,,,,,,,,,,,,,,,,,,,,,,,,
9600004,1,30,900,0,-10,100,40,0,40,65,12,58,0,1,10,1,,,,,,,,,,,,,,,,,,,,,,,,,,,,,,,,,
9600005,1,35,1250,50,-10,120,60,0,50,65,12,71,0,1,10,1,,,,,,,,,,,,,,,,,,,,,,,,,,,,,,,,,
9600006,1,33,1200,0,-40,110,50,0,40,60,12,66,0,1,10,1,,,,,,,,,,,,,,,,,,,,,,,,,,,,,,,,,
9600007,1,38,1800,0,-10,120,105,0,120,100,20,86,0,1,10,1,,,,,,,,,,,,,,,,,,,,,,,,,,,,,,,,,
9600008,1,37,1500,100,0,115,100,125,115,90,18,79,0,1,10,1,,,,,,,,,,,,,,,,,,,,,,,,,,,,,,,,,
9600009,1,50,18000,200,-20,320,300,340,150,150,27,108,0,1000,10,1,,,,,,,1,,,,,,,,,,,,,,,,,,,,,,,,,,
9600010,1,50,18000,200,-20,320,300,340,150,150,27,1080,0,1000,10,1,,,,,,,1,,,,,9600009,,,,,,,,,,,,,,,,,,,,,
9999999,,,1,,,,,,,,,,,,,,,,,,,,,,,,,,,,,,,,,,,,1,1,,,,,,,,,
f,1,59,21000,200,-30,200,180,205,230,150,20,650,0,1100,10,1,8,,1200,50,1,5,1,1,1,2,,,,,,,,,,,,,,,,,,,,,,,
